st, fmt, uuid, ad, cr, fl, BID, mibid, avbid, mxbid, nmbid, CTR, mictr, avctr, mxctr, nmctr, CTX, mictx, avctx, mxctx, nmctx, qlt, miqlt, avqlt, mxqlt, nmqlt, CTU, mictu, avctu, mxctu, nmctu, BTU, mibtu, avbtu, mxbtu, nmbtu, hour, comb, order, adnum, cpc, click
b9, ci_n_ads.js, dd17cd73a5c748e292e5e2156bf2c48e, 1010666, 1324357, 3173001, 0.60, 0.05, 0.43, 2.50, 0.06939, 5655, 259, 2396, 7723, 0.4366, 1.00, 1.00, 1.00, 1.00, 1000, 1.00, 1.00, 1.00, 1.00, 1000, 0.58, 0.26, 0.74, 3.79, -0.04533, 0.00, 0.00, 0.00, 0.00, 0, 0, 729014:980277:1010812:1010666:985428:1010837:1008306:1010873:1010130:, 4, 9, 0.00, 0
auctionexpr, ci_n_ads.js, 0b4808bc4e934c6e9d87126c00fec584, 1010557, 1324109, 3172925, 1.00, 0.05, 0.56, 1.10, 0.4190, 1663, 615, 2633, 11508, -0.08905, 0.53, 0.39, 0.51, 0.95, 0.03571, 4.40, 3.31, 4.60, 7.04, -0.05362, 0.00, 0.00, 0.00, 0.00, 0, 0.00, 0.00, 0.00, 0.00, 0, 0, 1010520:1009614:1010557, 3, 3, 0.00, 0
auctionexpr, ci_n_ads.js, 3cdfdfd6c1ba4647821b287c3537d1f6, 1008306, 1320140, 3170962, 0.80, 0.05, 0.44, 0.80, 0.4800, 4118, 414, 2435, 6574, 0.2732, 2.51, 2.20, 3.74, 5.78, -0.3436, 6.44, 4.29, 6.26, 8.38, 0.04401, 0.00, 0.00, 0.00, 0.00, 0, 0.00, 0.00, 0.00, 0.00, 0, 1, 1008306:1010127, 1, 2, 0.00, 0
b9, ci_n_ads.js, 88dc05211f2f4faf9a2d986d8bfd2842, 980277, 1298145, 3115793, 0.05, 0.05, 0.41, 0.90, -0.4235, 5692, 442, 1958, 5692, 0.7112, 1.00, 1.00, 1.00, 1.00, 1000, 1.00, 1.00, 1.00, 1.00, 1000, 1.81, 1.81, 2.88, 4.17, -0.4534, 0.00, 0.00, 0.00, 0.00, 0, 2, 980277:1008306:, 1, 2, 0.00, 0
auctionexpr, ci_n_ads.js, f38069b211d545c09aa8a96ee9744142, 1008306, 1320139, 3170962, 0.80, 0.05, 0.42, 0.80, 0.5067, 4113, 405, 1935, 6573, 0.3531, 3.68, 1.34, 3.29, 4.14, 0.1393, 8.16, 4.82, 6.44, 8.16, 0.5150, 0.00, 0.00, 0.00, 0.00, 0, 0.00, 0.00, 0.00, 0.00, 0, 5, 1008306:1010105, 1, 2, 0.8, 1
auctionexpr, ci_n_ads.js, a93e0911fd744456b955c0baab7d0784, 1008306, 1320140, 3170960, 0.80, 0.05, 0.55, 1.00, 0.2632, 4421, 570, 3016, 7722, 0.1964, 0.89, 0.89, 1.08, 1.99, -0.1727, 5.79, 3.79, 5.52, 8.12, 0.06236, 0.00, 0.00, 0.00, 0.00, 0, 0.00, 0.00, 0.00, 0.00, 0, 7, 1008306:1008526:1007922, 1, 3, 0.00, 0
auctionexpr, ci_n_ads.js, 37a3b66c7f164f238681254923338b54, 1008306, 1320140, 3170962, 0.80, 0.05, 0.32, 0.80, 0.6400, 4109, 227, 1745, 4112, 0.6085, 3.25, 2.42, 2.79, 3.25, 0.5542, 10.00, 5.68, 7.20, 10.00, 0.6481, 0.00, 0.00, 0.00, 0.00, 0, 0.00, 0.00, 0.00, 0.00, 0, 7, 1008306:1010127, 1, 2, 0.00, 0
c9, ci_n_ads.js, 6333f39154b645d0862e661bf99c1b16, 1009764, 1322795, 3172127, 0.39, 0.05, 0.38, 0.80, 0.01333, 2267, 434, 2141, 5679, 0.02402, 1.00, 1.00, 1.00, 1.00, 1000, 1.00, 1.00, 1.00, 1.00, 1000, 4.00, 2.80, 4.52, 5.82, -0.1722, 0.00, 0.00, 0.00, 0.00, 0, 7, 1009764:1008525, 1, 2, 0.39, 1
auctionexpr, ci_n_ads.js, 6cb0ce16bd43458db390ce407e95b781, 1010105, 1323512, 3172448, 0.80, 0.05, 0.42, 0.80, 0.5067, 1562, 403, 1993, 5677, -0.08172, 6.20, 2.20, 5.76, 6.77, 0.09628, 6.88, 5.25, 6.93, 8.67, -0.01462, 0.00, 0.00, 0.00, 0.00, 0, 0.00, 0.00, 0.00, 0.00, 0, 7, 1008306:1010105, 2, 2, 0.72, 1
d9, ci_n_ads.js, daee26f234fb4106885b73d11c919d42, 737426, 1267372, 3125274, 0.20, 0.05, 0.35, 0.80, -0.2000, 2937, 787, 2598, 6572, 0.05860, 1.00, 1.00, 1.00, 1.00, 1000, 1.00, 1.00, 1.00, 1.00, 1000, 1.78, 1.40, 1.83, 2.51, -0.04505, 0.00, 0.00, 0.00, 0.00, 0, 7, 737426:980270:, 1, 2, 0.00, 0
d9, ci_n_ads.js, b86ff47e89b5497e86d52ea0c312143e, 1000625, 1307266, 3163188, 0.45, 0.05, 0.42, 2.50, 0.01224, 909, 225, 2134, 7722, -0.1634, 1.00, 1.00, 1.00, 1.00, 1000, 1.00, 1.00, 1.00, 1.00, 1000, 0.20, 0.20, 0.22, 0.71, -0.03922, 0.00, 0.00, 0.00, 0.00, 0, 7, 1006305:1010871:1010770:1006985:1009667:1000625:1009726:1010325:1006513, 6, 9, 0.00, 0
d9, ci_n_ads.js, b86ff47e89b5497e86d52ea0c312143e, 1006513, 1317139, 3169299, 0.55, 0.05, 0.42, 2.50, 0.05306, 2282, 225, 2134, 7722, 0.01974, 1.00, 1.00, 1.00, 1.00, 1000, 1.00, 1.00, 1.00, 1.00, 1000, 0.26, 0.20, 0.22, 0.71, 0.07843, 0.00, 0.00, 0.00, 0.00, 0, 7, 1006305:1010871:1010770:1006985:1009667:1000625:1009726:1010325:1006513, 9, 9, 0.00, 0
auctionexpr, ci_n_ads.js, 3d52ae731f7f48f48f21e1a56d90bdeb, 1007696, 1319296, 3170590, 2.50, 0.05, 0.34, 2.50, 0.8816, 2823, 613, 1794, 3319, 0.3803, 0.32, 0.29, 0.33, 0.58, -0.03448, 7.11, 4.10, 5.97, 8.12, 0.2836, 0.00, 0.00, 0.00, 0.00, 0, 0.00, 0.00, 0.00, 0.00, 0, 7, 1007696:1008279, 1, 2, 0.76, 1
auctionexpr, ci_n_ads.js, 4be1ecb6718f46bc8c475434297d9651, 737147, 1324525, 2811751, 1.10, 0.05, 0.42, 1.10, 0.6476, 1153, 358, 2198, 12651, -0.08501, 3.51, 3.28, 3.48, 4.38, 0.02727, 5.74, 5.30, 6.03, 10.00, -0.06170, 0.00, 0.00, 0.00, 0.00, 0, 0.00, 0.00, 0.00, 0.00, 0, 8, 737147:1008279:1008525:, 1, 3, 0.00, 0
auctionexpr, ci_n_ads.js, 266b92b2a5874c7eb02c4c75b5cd1358, 1007924, 1319599, 3171822, 0.86, 0.05, 0.42, 1.50, 0.3034, 2246, 291, 1953, 9041, 0.03349, 0.30, 0.23, 0.31, 0.74, -0.01961, 3.82, 2.39, 3.73, 7.53, 0.01751, 0.00, 0.00, 0.00, 0.00, 0, 0.00, 0.00, 0.00, 0.00, 0, 8, 1010676:1010324:1010793:1008279:1010557:992395:1008385:1009667:1007924:, 9, 9, 0.00, 0
d9, ci_n_ads.js, 7d4e83cbc3e04def98eb5c02a9b8e0b0, 997738, 1316828, 3169099, 0.60, 0.05, 0.45, 2.00, 0.07692, 1011, 190, 2221, 7721, -0.1607, 1.00, 1.00, 1.00, 1.00, 1000, 1.00, 1.00, 1.00, 1.00, 1000, 0.19, 0.00, 0.11, 0.34, 0.2353, 8.85, 0.00, 3.60, 9.81, 0.5352, 8, 975434:1000625:1004074:997738:1008690:1004302:1006387:1008812:1003866:, 4, 9, 0.6, 1
d9, ci_n_ads.js, 7d4e83cbc3e04def98eb5c02a9b8e0b0, 1006387, 1320557, 3169210, 0.40, 0.05, 0.45, 2.00, -0.02564, 1205, 190, 2221, 7721, -0.1349, 1.00, 1.00, 1.00, 1.00, 1000, 1.00, 1.00, 1.00, 1.00, 1000, 0.00, 0.00, 0.11, 0.34, -0.3235, 8.78, 0.00, 3.60, 9.81, 0.5280, 8, 975434:1000625:1004074:997738:1008690:1004302:1006387:1008812:1003866:, 7, 9, 0.00, 0
d9, ci_n_ads.js, 7d4e83cbc3e04def98eb5c02a9b8e0b0, 1003866, 1313022, 3166917, 0.40, 0.05, 0.45, 2.00, -0.02564, 695, 190, 2221, 7721, -0.2026, 1.00, 1.00, 1.00, 1.00, 1000, 1.00, 1.00, 1.00, 1.00, 1000, 0.00, 0.00, 0.11, 0.34, -0.3235, 8.78, 0.00, 3.60, 9.81, 0.5280, 8, 975434:1000625:1004074:997738:1008690:1004302:1006387:1008812:1003866:, 9, 9, 0.00, 0
auctionexpr, ci_n_ads.js, 4b7441d2924a429b9be5668d14832786, 1010676, 1324391, 3173125, 1.10, 0.05, 0.52, 2.50, 0.2367, 3832, 257, 1876, 7667, 0.2640, 0.38, 0.26, 0.57, 11.19, -0.01738, 2.78, 0.69, 1.90, 6.52, 0.1509, 0.00, 0.00, 0.00, 0.00, 0, 0.00, 0.00, 0.00, 0.00, 0, 8, 1007696:1010676:1010324:1009667:1008525:997563:1001533:1003313:1006804:, 2, 9, 0.00, 0
auctionexpr, ci_n_ads.js, 4b7441d2924a429b9be5668d14832786, 1001533, 1309197, 3164390, 0.50, 0.05, 0.52, 2.50, -0.008163, 619, 257, 1876, 7667, -0.1696, 4.24, 0.26, 0.57, 11.19, 0.3358, 4.30, 0.69, 1.90, 6.52, 0.4117, 0.00, 0.00, 0.00, 0.00, 0, 0.00, 0.00, 0.00, 0.00, 0, 8, 1007696:1010676:1010324:1009667:1008525:997563:1001533:1003313:1006804:, 7, 9, 0.00, 0
d9, ci_n_ads.js, 7ae74132765a450eaf6f817ef82f4df8, 1009764, 1322795, 3172127, 0.39, 0.05, 0.38, 0.80, 0.01333, 2264, 773, 1912, 3952, 0.1107, 1.00, 1.00, 1.00, 1.00, 1000, 1.00, 1.00, 1.00, 1.00, 1000, 4.29, 2.44, 3.14, 4.29, 0.6216, 0.00, 0.00, 0.00, 0.00, 0, 8, 1009764:1007565, 1, 2, 0.00, 0
a9, ci_n_ads.js, a4ea3f38e587432981773e9a8d707706, 1010861, 1324636, 3173212, 0.52, 0.05, 0.39, 2.50, 0.05306, 4000, 257, 2146, 7721, 0.2484, 1.00, 1.00, 1.00, 1.00, 1000, 1.00, 1.00, 1.00, 1.00, 1000, 0.23, 0.21, 0.24, 0.55, -0.02941, 0.00, 0.00, 0.00, 0.00, 0, 8, 995891:1006513:1009529:1010861:1007125:1009772:1010758:1009049:992352:, 4, 9, 0.00, 0
a9, ci_n_ads.js, a4ea3f38e587432981773e9a8d707706, 1009772, 1322830, 3172135, 0.39, 0.05, 0.39, 2.50, 0, 626, 257, 2146, 7721, -0.2036, 1.00, 1.00, 1.00, 1.00, 1000, 1.00, 1.00, 1.00, 1.00, 1000, 0.21, 0.21, 0.24, 0.55, -0.08824, 0.00, 0.00, 0.00, 0.00, 0, 8, 995891:1006513:1009529:1010861:1007125:1009772:1010758:1009049:992352:, 6, 9, 0.1, 1
auctionexpr, ci_n_ads.js, a4201854135c45e8b57782f278797929, 981550, 1309689, 3117683, 0.30, 0.05, 0.08, 0.30, 0.8800, 17057, 4981, 8388, 17057, 0.7179, 1.58, 0.50, 1.06, 2.90, 0.2167, 8.17, 2.96, 5.09, 8.92, 0.5168, 0.00, 0.00, 0.00, 0.00, 0, 0.00, 0.00, 0.00, 0.00, 0, 8, 1008106:981550:738291:999478:735576:1005908:, 2, 6, 0.00, 0
auctionexpr, ci_n_ads.js, dd4f65aa9c4b4ea7ae824c5efc0b48ff, 1007125, 1319560, 3170043, 0.80, 0.09, 0.45, 1.00, 0.3846, 3271, 570, 2926, 5944, 0.06420, 2.92, 2.92, 3.72, 5.87, -0.2712, 6.45, 4.64, 6.74, 8.54, -0.07436, 0.00, 0.00, 0.00, 0.00, 0, 0.00, 0.00, 0.00, 0.00, 0, 8, 1007125:1009667:1010836, 1, 3, 0.78, 1
auctionexpr, ci_n_ads.js, d2d6a8dbad2c43d39a27e9094e283d85, 1008525, 1320419, 3171181, 0.80, 0.05, 0.38, 0.80, 0.5600, 3948, 400, 1807, 6572, 0.3469, 4.75, 1.43, 3.45, 4.75, 0.3916, 8.40, 4.62, 6.13, 8.44, 0.5942, 0.00, 0.00, 0.00, 0.00, 0, 0.00, 0.00, 0.00, 0.00, 0, 9, 1008525:1010127, 1, 2, 0.8, 1
auctionexpr, ci_n_ads.js, b83cc02ff6a9424480f668ac54d5bcf9, 1009990, 1323245, 3172308, 0.70, 0.05, 0.48, 1.10, 0.2095, 2600, 615, 2640, 11508, -0.003672, 0.77, 0.56, 0.72, 1.23, 0.07463, 5.16, 3.78, 4.96, 7.38, 0.05556, 0.00, 0.00, 0.00, 0.00, 0, 0.00, 0.00, 0.00, 0.00, 0, 9, 1010557:1007032:1009990, 3, 3, 0.00, 0
a9, ci_n_ads.js, cf4d5efe7753404a83ca5a6f4a70a4ab, 1010757, 1324477, 3173095, 0.09, 0.05, 0.35, 0.90, -0.3059, 4694, 964, 3527, 7666, 0.1741, 1.00, 1.00, 1.00, 1.00, 1000, 1.00, 1.00, 1.00, 1.00, 1000, 4.13, 2.79, 3.56, 4.13, 0.4254, 0.00, 0.00, 0.00, 0.00, 0, 9, 1010836:1010757, 2, 2, 0.09, 1
b9, ci_n_ads.js, 2918bc59bd3b4cb58bb68b6fa44d2be3, 980270, 1299229, 3115784, 0.05, 0.05, 0.40, 2.50, -0.1429, 4473, 257, 2198, 7666, 0.3071, 1.00, 1.00, 1.00, 1.00, 1000, 1.00, 1.00, 1.00, 1.00, 1000, 0.41, 0.31, 0.33, 0.47, 0.5000, 0.00, 0.00, 0.00, 0.00, 0, 9, 980270:1010770:1010849:1009667:1007125:1001037:1009249:1008186:1000717:, 1, 9, 0.00, 0
b9, ci_n_ads.js, 2918bc59bd3b4cb58bb68b6fa44d2be3, 1007125, 1319560, 3170043, 0.80, 0.05, 0.40, 2.50, 0.1633, 3271, 257, 2198, 7666, 0.1448, 1.00, 1.00, 1.00, 1.00, 1000, 1.00, 1.00, 1.00, 1.00, 1000, 0.31, 0.31, 0.33, 0.47, -0.1250, 0.00, 0.00, 0.00, 0.00, 0, 9, 980270:1010770:1010849:1009667:1007125:1001037:1009249:1008186:1000717:, 5, 9, 0.00, 0
auctionexpr, ci_n_ads.js, 4db3b24556f4453780eba4b8a8d2d829, 1010324, 1323859, 3172996, 1.50, 0.05, 0.51, 2.50, 0.4041, 2031, 224, 1937, 7721, 0.01254, 0.22, 0.19, 0.21, 0.53, 0.02941, 3.82, 2.60, 3.66, 8.44, 0.02740, 0.00, 0.00, 0.00, 0.00, 0, 0.00, 0.00, 0.00, 0.00, 0, 9, 1007696:1010324:1010676:1010666:1010793:1008525:1008279:993356:1008186:, 2, 9, 0.00, 0
auctionexpr, ci_n_ads.js, 4db3b24556f4453780eba4b8a8d2d829, 1008525, 1320420, 3171178, 0.80, 0.05, 0.51, 2.50, 0.1184, 3978, 224, 1937, 7721, 0.2722, 0.22, 0.19, 0.21, 0.53, 0.02941, 4.83, 2.60, 3.66, 8.44, 0.2003, 0.00, 0.00, 0.00, 0.00, 0, 0.00, 0.00, 0.00, 0.00, 0, 9, 1007696:1010324:1010676:1010666:1010793:1008525:1008279:993356:1008186:, 6, 9, 0.00, 0
auctionexpr, ci_n_ads.js, 2914e5735f834e558a9be74a4e503439, 1007924, 1319599, 3171822, 0.86, 0.05, 0.44, 2.50, 0.1714, 2242, 358, 1870, 13235, 0.02889, 0.26, 0.26, 0.33, 0.63, -0.1892, 3.50, 2.93, 4.01, 9.41, -0.07870, 0.00, 0.00, 0.00, 0.00, 0, 0.00, 0.00, 0.00, 0.00, 0, 9, 1010324:1008525:1007032:1008279:1007924:740377:, 5, 6, 0.00, 0
auctionexpr, ci_n_ads.js, 7ba10c78068546c2ac08fd81c5d99313, 1007565, 1324025, 3170453, 0.50, 0.05, 0.16, 0.50, 0.7556, 1414, 412, 1312, 2698, 0.04462, 3.97, 3.31, 3.36, 3.97, 0.9242, 8.10, 6.08, 7.46, 9.50, 0.1871, 0.00, 0.00, 0.00, 0.00, 0, 0.00, 0.00, 0.00, 0.00, 0, 9, 1007565:1009793, 1, 2, 0.5, 1
a9, ci_n_ads.js, 1d62b6dcbf9f435ab8e98d0ecd82c0fc, 1008486, 1320394, 3172107, 0.60, 0.05, 0.42, 2.50, 0.07347, 1757, 257, 2155, 7666, -0.05372, 1.00, 1.00, 1.00, 1.00, 1000, 1.00, 1.00, 1.00, 1.00, 1000, 0.81, 0.27, 0.42, 2.94, 0.1461, 0.00, 0.00, 0.00, 0.00, 0, 9, 1000772:1000180:999837:1006681:1001741:1007924:1010754:1008766:1008486:, 9, 9, 0.00, 0
auctionexpr, ci_n_ads.js, 25e53fd1134f493da229862c43c9582d, 1008525, 1320421, 3171181, 0.80, 0.05, 0.33, 0.80, 0.6267, 3990, 760, 2217, 5667, 0.3613, 2.18, 2.03, 2.38, 3.36, -0.1504, 7.53, 5.35, 6.50, 8.54, 0.3229, 0.00, 0.00, 0.00, 0.00, 0, 0.00, 0.00, 0.00, 0.00, 0, 9, 1008525:1010105, 1, 2, 0.8, 1
e9, ci_n_ads.js, cfa6c59137384a04a9ec2d12d24d664e, 1010557, 1324109, 3172924, 1.00, 0.05, 0.38, 1.10, 0.5905, 1239, 257, 2087, 7720, -0.1136, 1.00, 1.00, 1.00, 1.00, 1000, 1.00, 1.00, 1.00, 1.00, 1000, 0.21, 0.21, 0.23, 0.39, -0.1111, 0.00, 0.00, 0.00, 0.00, 0, 9, 1010676:1010528:1010557:1008279:1007924:1007032:1005922:1008525:1000180, 3, 9, 1.0, 1
e9, ci_n_ads.js, cfa6c59137384a04a9ec2d12d24d664e, 1007924, 1319598, 3171822, 0.86, 0.05, 0.38, 1.10, 0.4571, 1925, 257, 2087, 7720, -0.02171, 1.00, 1.00, 1.00, 1.00, 1000, 1.00, 1.00, 1.00, 1.00, 1000, 0.21, 0.21, 0.23, 0.39, -0.1111, 0.00, 0.00, 0.00, 0.00, 0, 9, 1010676:1010528:1010557:1008279:1007924:1007032:1005922:1008525:1000180, 5, 9, 0.00, 0
a9, ci_n_ads.js, dfadd8e7e0794d6eb324415a22d1e1ba, 1010837, 1324612, 3173188, 0.52, 0.05, 0.38, 1.10, 0.1333, 3930, 256, 2139, 7720, 0.2400, 1.00, 1.00, 1.00, 1.00, 1000, 1.00, 1.00, 1.00, 1.00, 1000, 0.19, 0.19, 0.20, 0.45, -0.03846, 0.00, 0.00, 0.00, 0.00, 0, 10, 1010837:999837:995891:1001741:1010800:1010044:1000117:1009745:1010676:, 1, 9, 0.00, 0
a9, ci_n_ads.js, dfadd8e7e0794d6eb324415a22d1e1ba, 1009745, 1322720, 3172108, 0.39, 0.05, 0.38, 1.10, 0.009524, 614, 256, 2139, 7720, -0.2043, 1.00, 1.00, 1.00, 1.00, 1000, 1.00, 1.00, 1.00, 1.00, 1000, 0.19, 0.19, 0.20, 0.45, -0.03846, 0.00, 0.00, 0.00, 0.00, 0, 10, 1010837:999837:995891:1001741:1010800:1010044:1000117:1009745:1010676:, 8, 9, 0.00, 0
auctionexpr, ci_n_ads.js, b548bba5163f4cdcbecb546e1570ea0b, 736006, 1304914, 3161890, 0.11, 0.05, 0.08, 0.11, 0.5000, 1510, 412, 1273, 3575, 0.07493, 6.12, 6.12, 6.12, 6.28, 0, 7.62, 6.39, 7.36, 9.93, 0.07345, 0.00, 0.00, 0.00, 0.00, 0, 0.00, 0.00, 0.00, 0.00, 0, 10, 736006:999837:, 1, 2, 0.11, 1
auctionexpr, ci_n_ads.js, bcd0171f01f24918a4cb349711ab2fa9, 1007032, 1318218, 3170017, 0.82, 0.05, 0.37, 0.82, 0.5844, 1709, 406, 1734, 3315, -0.008594, 0.29, 0.27, 0.30, 0.55, -0.03571, 5.59, 4.14, 5.64, 8.12, -0.01256, 0.00, 0.00, 0.00, 0.00, 0, 0.00, 0.00, 0.00, 0.00, 0, 10, 1007032:1009534, 1, 2, 0.00, 0
auctionexpr, ci_n_ads.js, bcd0171f01f24918a4cb349711ab2fa9, 1009534, 1322260, 3171936, 0.60, 0.05, 0.37, 0.82, 0.2987, 2774, 406, 1734, 3315, 0.3575, 0.27, 0.27, 0.30, 0.55, -0.1071, 6.68, 4.14, 5.64, 8.12, 0.2613, 0.00, 0.00, 0.00, 0.00, 0, 0.00, 0.00, 0.00, 0.00, 0, 10, 1007032:1009534, 2, 2, 0.56, 1
b9, ci_n_ads.js, fc091af77e9744b48bbeb9bbf5b1c7a0, 1008813, 1322179, 3171359, 0.30, 0.05, 0.33, 1.00, -0.03158, 23352, 367, 4964, 23352, 0.8000, 1.00, 1.00, 1.00, 1.00, 1000, 1.00, 1.00, 1.00, 1.00, 1000, 0.98, 0.00, 1.09, 4.06, -0.02709, 0.00, 0.00, 3.12, 9.68, -0.3223, 10, 1008813:1010869:1010834, 1, 3, 0.3, 1
auctionexpr, ci_n_ads.js, 9bd714802e39444a808439db72cd9fff, 1008186, 1319992, 3170896, 0.45, 0.05, 0.46, 1.50, -0.006897, 2930, 255, 1761, 7719, 0.1566, 0.48, 0.23, 0.26, 0.51, 0.7857, 7.29, 3.20, 4.28, 8.16, 0.6069, 0.00, 0.00, 0.00, 0.00, 0, 0.00, 0.00, 0.00, 0.00, 0, 11, 1010520:1008279:1008526:1006804:1010324:1008186:1008486:1007924:1010557, 6, 9, 0.00, 0
auctionexpr, ci_n_ads.js, cfb94eff5bbe4a028d908f7174b94b82, 1010324, 1323859, 3172996, 1.50, 0.05, 0.45, 1.50, 0.7241, 2050, 253, 1546, 7663, 0.06802, 0.31, 0.29, 0.32, 0.88, -0.01695, 3.66, 2.52, 3.43, 7.05, 0.05077, 0.00, 0.00, 0.00, 0.00, 0, 0.00, 0.00, 0.00, 0.00, 0, 11, 1010324:1008486:1010793:993356:1008279:1007924:1009667:1010557:1005922:, 1, 9, 0.00, 0
auctionexpr, ci_n_ads.js, cfb94eff5bbe4a028d908f7174b94b82, 1008486, 1320382, 3172107, 0.60, 0.05, 0.45, 1.50, 0.1034, 1724, 253, 1546, 7663, 0.02402, 0.88, 0.29, 0.32, 0.88, 0.9492, 6.90, 2.52, 3.43, 7.05, 0.7660, 0.00, 0.00, 0.00, 0.00, 0, 0.00, 0.00, 0.00, 0.00, 0, 11, 1010324:1008486:1010793:993356:1008279:1007924:1009667:1010557:1005922:, 2, 9, 0.00, 0
b9, ci_n_ads.js, 8b2957792717411eba86e332c3048fb4, 1010520, 1324053, 3172860, 1.00, 0.05, 0.49, 1.00, 0.5368, 3708, 253, 2161, 12774, 0.1236, 1.00, 1.00, 1.00, 1.00, 1000, 1.00, 1.00, 1.00, 1.00, 1000, 0.46, 0.32, 0.42, 0.74, 0.09524, 0.00, 0.00, 0.00, 0.00, 0, 11, 1007419:1010728:1010520, 3, 3, 0.00, 0
a9, ci_n_ads.js, 7ce084a6a84a4de99ab7428a90783a52, 1010324, 1323859, 3172929, 0.60, 0.05, 0.38, 1.00, 0.2316, 2624, 615, 3056, 11509, -0.03965, 1.00, 1.00, 1.00, 1.00, 1000, 1.00, 1.00, 1.00, 1.00, 1000, 0.89, 0.59, 0.77, 1.34, 0.1600, 0.00, 0.00, 0.00, 0.00, 0, 12, 1010324:710657:738640:, 1, 3, 0.16, 1
a9, ci_n_ads.js, 7ce084a6a84a4de99ab7428a90783a52, 738640, 970252, 2816978, 0.30, 0.05, 0.38, 1.00, -0.08421, 2024, 615, 3056, 11509, -0.09473, 1.00, 1.00, 1.00, 1.00, 1000, 1.00, 1.00, 1.00, 1.00, 1000, 0.72, 0.59, 0.77, 1.34, -0.06667, 0.00, 0.00, 0.00, 0.00, 0, 12, 1010324:710657:738640:, 3, 3, 0.00, 0
e9, ci_n_ads.js, 660bf04de789428f8d413cc1e61f76fb, 1009990, 1323245, 3172313, 0.70, 0.05, 0.35, 1.00, 0.3684, 2422, 251, 1706, 7663, 0.09660, 1.00, 1.00, 1.00, 1.00, 1000, 1.00, 1.00, 1.00, 1.00, 1000, 0.30, 0.30, 0.32, 0.52, -0.09091, 0.00, 0.00, 0.00, 0.00, 0, 12, 1010152:1009990:997563:1009667:1001844:1006804:1010324:1010670:1008486:, 2, 9, 0.00, 0
auctionexpr, ci_n_ads.js, e5f61faff3074a53abc59adef6732a73, 1005922, 1323536, 3168814, 0.82, 0.05, 0.43, 0.86, 0.4815, 1605, 333, 3468, 13265, -0.1441, 4.21, 0.83, 1.83, 4.57, 0.6364, 6.24, 2.68, 4.53, 7.59, 0.3483, 0.00, 0.00, 0.00, 0.00, 0, 0.00, 0.00, 0.00, 0.00, 0, 12, 1005922:1010793, 1, 2, 0.79, 1
auctionexpr, ci_n_ads.js, b132278b8b0a4cb8bec6367a25733861, 1000139, 1306463, 3162540, 0.70, 0.05, 0.33, 0.90, 0.4353, 2824, 394, 2876, 7719, -0.007099, 0.73, 0.31, 0.38, 0.73, 0.8333, 7.46, 3.39, 5.03, 7.94, 0.5341, 0.00, 0.00, 0.00, 0.00, 0, 0.00, 0.00, 0.00, 0.00, 0, 12, 1000139:1007924:1005922, 1, 3, 0.00, 0
b9, ci_n_ads.js, 158a24b9e40c43e2be58aba1b503de43, 1010834, 1324609, 3173185, 0.52, 0.05, 0.38, 3.00, 0.04746, 15090, 238, 3942, 17060, 0.6627, 1.00, 1.00, 1.00, 1.00, 1000, 1.00, 1.00, 1.00, 1.00, 1000, 0.00, 0.00, 1.16, 4.62, -0.2511, 3.16, 0.00, 2.35, 7.34, 0.1104, 12, 1010869:1010834:995036:, 2, 3, 0.00, 0
auctionexpr, ci_n_ads.js, d4c02f268975482b83fa8d48211669de, 1010105, 1323512, 3172448, 0.80, 0.05, 0.34, 0.80, 0.6133, 1557, 404, 1546, 5652, 0.002096, 5.85, 2.82, 4.40, 5.85, 0.4785, 7.10, 5.25, 6.30, 8.18, 0.2730, 0.00, 0.00, 0.00, 0.00, 0, 0.00, 0.00, 0.00, 0.00, 0, 12, 1010105:1010127, 1, 2, 0.71, 1
auctionexpr, ci_n_ads.js, 7928c6561e504998b9ab88440c8299fe, 1008451, 1321848, 3171249, 0.90, 0.05, 0.34, 0.90, 0.6588, 1383, 675, 2268, 6571, -0.1501, 2.41, 2.03, 2.58, 3.41, -0.1232, 5.80, 5.21, 6.49, 8.49, -0.2104, 0.00, 0.00, 0.00, 0.00, 0, 0.00, 0.00, 0.00, 0.00, 0, 12, 1008451:1010105, 1, 2, 0.00, 0
auctionexpr, ci_n_ads.js, ef43ef07715844ea8c0963c363508fda, 1010324, 1323859, 3172996, 1.50, 0.05, 0.44, 1.50, 0.7310, 2048, 238, 1767, 12664, 0.02261, 0.24, 0.21, 0.23, 0.46, 0.04000, 4.06, 3.13, 3.86, 8.24, 0.03914, 0.00, 0.00, 0.00, 0.00, 0, 0.00, 0.00, 0.00, 0.00, 0, 13, 1010324:1008279:1010793:1007924:1000118:1008486:995157:1010434:1010952:, 1, 9, 0.00, 0
auctionexpr, ci_n_ads.js, 62574707b9ec4b0eb1dd7d35d5f188e2, 1007924, 1319599, 3171822, 0.86, 0.05, 0.44, 1.50, 0.2897, 2181, 245, 1702, 9833, 0.04996, 0.26, 0.26, 0.27, 0.60, -0.02941, 3.80, 3.02, 3.74, 7.77, 0.01263, 0.00, 0.00, 0.00, 0.00, 0, 0.00, 0.00, 0.00, 0.00, 0, 13, 1010324:1010793:1008279:993356:1010557:1007924:1010127:1010528:1008486:, 6, 9, 0.77, 1
e9, ci_n_ads.js, a434017862434decb845397c95f01136, 1010528, 1324062, 3172876, 1.00, 0.05, 0.39, 1.00, 0.6421, 876, 237, 1998, 9833, -0.1169, 1.00, 1.00, 1.00, 1.00, 1000, 1.00, 1.00, 1.00, 1.00, 1000, 0.25, 0.25, 0.27, 0.52, -0.07407, 0.00, 0.00, 0.00, 0.00, 0, 13, 1010557:1007922:1010528:1008279:1008526:993356:1007924:1005922:1010793:, 3, 9, 0.00, 0
e9, ci_n_ads.js, a434017862434decb845397c95f01136, 1007924, 1319598, 3171822, 0.86, 0.05, 0.39, 1.00, 0.4947, 1865, 237, 1998, 9833, -0.01386, 1.00, 1.00, 1.00, 1.00, 1000, 1.00, 1.00, 1.00, 1.00, 1000, 0.25, 0.25, 0.27, 0.52, -0.07407, 0.00, 0.00, 0.00, 0.00, 0, 13, 1010557:1007922:1010528:1008279:1008526:993356:1007924:1005922:1010793:, 7, 9, 0.00, 0
e9, ci_n_ads.js, a434017862434decb845397c95f01136, 1005922, 1317261, 3168814, 0.82, 0.05, 0.39, 1.00, 0.4526, 1488, 237, 1998, 9833, -0.05315, 1.00, 1.00, 1.00, 1.00, 1000, 1.00, 1.00, 1.00, 1.00, 1000, 0.25, 0.25, 0.27, 0.52, -0.07407, 0.00, 0.00, 0.00, 0.00, 0, 13, 1010557:1007922:1010528:1008279:1008526:993356:1007924:1005922:1010793:, 8, 9, 0.00, 0
auctionexpr, ci_n_ads.js, ff43bbb893f04ab2b1dfa8e006a79e82, 1009052, 1323378, 3171585, 0.75, 0.05, 0.45, 1.50, 0.2069, 2300, 114, 2951, 9833, -0.06698, 0.42, 0.26, 0.32, 0.81, 0.1818, 4.48, 2.57, 3.99, 6.94, 0.1121, 0.00, 0.00, 0.00, 0.00, 0, 0.00, 0.00, 0.00, 0.00, 0, 13, 1000103:1010324:1009052, 3, 3, 0.00, 0
a9, ci_n_ads.js, fe29e4bcbf974fac985ed15d183cac6a, 980277, 1298145, 3115793, 0.05, 0.05, 0.36, 1.00, -0.3263, 5638, 240, 1916, 8075, 0.4750, 1.00, 1.00, 1.00, 1.00, 1000, 1.00, 1.00, 1.00, 1.00, 1000, 0.42, 0.31, 0.33, 0.51, 0.4500, 0.00, 0.00, 0.00, 0.00, 0, 13, 1010861:1010774:1010670:980277:992392:1008175:1006305:1010952:1008766:, 4, 9, 0.00, 0
e9, ci_n_ads.js, 80c3aa8aff844c44a69c9ab72ce25cfc, 1000160, 1306484, 3162561, 0.70, 0.05, 0.39, 1.00, 0.3263, 1421, 237, 1888, 7716, -0.06244, 1.00, 1.00, 1.00, 1.00, 1000, 1.00, 1.00, 1.00, 1.00, 1000, 2.41, 1.46, 1.59, 2.60, 0.7193, 0.00, 0.00, 0.00, 0.00, 0, 13, 1010520:1009251:1010685:1007673:1009049:1010152:1000160:1010670:1010324, 7, 9, 0.00, 0
auctionexpr, ci_n_ads.js, c6a4016cd8e14f7aaa54c5ee730dd523, 1011058, 1324924, 3173361, 0.50, 0.05, 0.33, 0.80, 0.2267, 16847, 802, 3872, 88889, 0.1473, 3.20, 2.06, 2.53, 3.40, 0.5000, 6.57, 4.64, 5.24, 9.81, 0.2573, 0.00, 0.00, 0.00, 0.00, 0, 0.00, 0.00, 0.00, 0.00, 0, 14, 1011058:1010127, 1, 2, 0.00, 0
auctionexpr, ci_n_ads.js, 17dc6f14054e4705b08d09d63f5686d5, 1008486, 1320382, 3172107, 0.60, 0.05, 0.44, 1.50, 0.1103, 1677, 232, 1745, 7716, -0.009086, 0.35, 0.21, 0.24, 0.50, 0.3793, 5.30, 2.98, 4.05, 9.96, 0.1791, 0.00, 0.00, 0.00, 0.00, 0, 0.00, 0.00, 0.00, 0.00, 0, 14, 1008279:1010127:1008486:1009667:1009534:1010528:993356:1005922:1006513:, 3, 9, 0.00, 0
a9, ci_n_ads.js, f83c516c5e7c49d5aa9cc9206529a7d2, 1009646, 1322596, 3172056, 0.50, 0.05, 0.32, 0.71, 0.2727, 967, 441, 1666, 4000, -0.1964, 1.00, 1.00, 1.00, 1.00, 1000, 1.00, 1.00, 1.00, 1.00, 1000, 0.30, 0.29, 0.33, 0.41, -0.2500, 0.00, 0.00, 0.00, 0.00, 0, 14, 1009646:1010044, 1, 2, 0.00, 0
a9, ci_n_ads.js, f83c516c5e7c49d5aa9cc9206529a7d2, 1010044, 1324364, 3172377, 0.50, 0.05, 0.32, 0.71, 0.2727, 441, 441, 1666, 4000, -0.3442, 1.00, 1.00, 1.00, 1.00, 1000, 1.00, 1.00, 1.00, 1.00, 1000, 0.33, 0.29, 0.33, 0.41, 0, 0.00, 0.00, 0.00, 0.00, 0, 14, 1009646:1010044, 2, 2, 0.5, 1
e9, ci_n_ads.js, a2b1830a43364f6aac8a8e7881bc4e9f, 1009169, 1321556, 3171660, 0.50, 0.05, 0.25, 0.60, 0.4545, 2613, 232, 2392, 13190, 0.01706, 1.00, 1.00, 1.00, 1.00, 1000, 1.00, 1.00, 1.00, 1.00, 1000, 0.32, 0.31, 0.38, 1.43, -0.05357, 0.00, 0.00, 0.00, 0.00, 0, 14, 1010512:1011046:1009169, 3, 3, 0.5, 1
auctionexpr, ci_n_ads.js, d6341c51791b472e8f770593fa59b441, 1003313, 1322620, 3172278, 0.30, 0.05, 0.48, 1.50, -0.1241, 950, 255, 1771, 7716, -0.1100, 4.21, 0.24, 0.46, 4.89, 0.8065, 6.07, 0.87, 2.09, 8.68, 0.5096, 0.00, 0.00, 0.00, 0.00, 0, 0.00, 0.00, 0.00, 0.00, 0, 14, 1009990:1009251:1010324:1010520:1006513:992395:1003313:1009667:1008279:, 7, 9, 0.00, 0
e9, ci_n_ads.js, 42474a1c04b6417abc18cfbdcf5524ce, 1010979, 1324765, 3173283, 0.45, 0.05, 0.40, 0.80, 0.06667, 4000, 419, 2485, 11577, 0.1358, 1.00, 1.00, 1.00, 1.00, 1000, 1.00, 1.00, 1.00, 1.00, 1000, 4.35, 2.11, 3.71, 4.48, 0.2700, 0.00, 0.00, 0.00, 0.00, 0, 14, 1010979:1011031, 1, 2, 0.45, 1
auctionexpr, ci_n_ads.js, fe609fc81f55450caf833461e1de61e3, 1010520, 1324053, 3172860, 1.00, 0.05, 0.49, 1.50, 0.3517, 3554, 161, 2327, 13212, 0.09402, 0.27, 0.19, 0.24, 1.06, 0.03448, 3.06, 1.54, 2.50, 7.38, 0.09589, 0.00, 0.00, 0.00, 0.00, 0, 0.00, 0.00, 0.00, 0.00, 0, 14, 1000159:1007985:1010520:1009251:1010324:1008526:1005912:993356:1008279:, 3, 9, 0.00, 0
auctionexpr, ci_n_ads.js, 532b5c18c42a43c19ce54e130602ff03, 1009990, 1323245, 3172313, 0.70, 0.05, 0.42, 1.50, 0.1931, 2396, 246, 1890, 23164, 0.02208, 0.24, 0.21, 0.26, 0.61, -0.05000, 3.18, 2.71, 3.27, 7.77, -0.01779, 0.00, 0.00, 0.00, 0.00, 0, 0.00, 0.00, 0.00, 0.00, 0, 15, 1008486:1008279:993356:1008813:1009646:1006804:1009169:1009667:1009990:, 9, 9, 0.00, 0
auctionexpr, ci_n_ads.js, 59b0011d258c444b85e817d45b2e1169, 1003595, 1312700, 3166682, 0.50, 0.05, 0.48, 1.50, 0.01379, 4338, 253, 1742, 5647, 0.4813, 0.45, 0.26, 0.67, 10.62, -0.02124, 3.98, 0.76, 2.32, 6.68, 0.2804, 0.00, 0.00, 0.00, 0.00, 0, 0.00, 0.00, 0.00, 0.00, 0, 15, 1010390:1010520:1009667:1003595:1008279:1006804:1010853:1008486:1008526, 4, 9, 0.5, 1
auctionexpr, ci_n_ads.js, 59b0011d258c444b85e817d45b2e1169, 1006804, 1323814, 3169768, 0.60, 0.05, 0.48, 1.50, 0.08276, 752, 253, 1742, 5647, -0.1835, 2.15, 0.26, 0.67, 10.62, 0.1429, 3.33, 0.76, 2.32, 6.68, 0.1706, 0.00, 0.00, 0.00, 0.00, 0, 0.00, 0.00, 0.00, 0.00, 0, 15, 1010390:1010520:1009667:1003595:1008279:1006804:1010853:1008486:1008526, 6, 9, 0.00, 0
auctionexpr, ci_n_ads.js, 59b0011d258c444b85e817d45b2e1169, 1008486, 1320383, 3172107, 0.60, 0.05, 0.48, 1.50, 0.08276, 1815, 253, 1742, 5647, 0.01353, 1.18, 0.26, 0.67, 10.62, 0.04923, 3.20, 0.76, 2.32, 6.68, 0.1486, 0.00, 0.00, 0.00, 0.00, 0, 0.00, 0.00, 0.00, 0.00, 0, 15, 1010390:1010520:1009667:1003595:1008279:1006804:1010853:1008486:1008526, 8, 9, 0.00, 0
d9, ci_n_ads.js, 7afbcaff55ed4def85563962d53029d2, 1009991, 1323416, 3172310, 0.35, 0.05, 0.35, 1.00, 0, 441, 240, 1749, 5647, -0.2419, 1.00, 1.00, 1.00, 1.00, 1000, 1.00, 1.00, 1.00, 1.00, 1000, 1.24, 1.04, 1.32, 4.73, -0.02168, 0.00, 0.00, 0.00, 0.00, 0, 15, 1010812:1009991:1009049:1010865:1010208:1006867:1009169:1010877:1008451, 2, 9, 0.00, 0
d9, ci_n_ads.js, 7afbcaff55ed4def85563962d53029d2, 1010208, 1323673, 3172567, 0.05, 0.05, 0.35, 1.00, -0.3158, 769, 240, 1749, 5647, -0.1812, 1.00, 1.00, 1.00, 1.00, 1000, 1.00, 1.00, 1.00, 1.00, 1000, 1.24, 1.04, 1.32, 4.73, -0.02168, 0.00, 0.00, 0.00, 0.00, 0, 15, 1010812:1009991:1009049:1010865:1010208:1006867:1009169:1010877:1008451, 5, 9, 0.00, 0
d9, ci_n_ads.js, 7afbcaff55ed4def85563962d53029d2, 1008451, 1321848, 3171091, 0.30, 0.05, 0.35, 1.00, -0.05263, 613, 240, 1749, 5647, -0.2101, 1.00, 1.00, 1.00, 1.00, 1000, 1.00, 1.00, 1.00, 1.00, 1000, 1.23, 1.04, 1.32, 4.73, -0.02439, 0.00, 0.00, 0.00, 0.00, 0, 15, 1010812:1009991:1009049:1010865:1010208:1006867:1009169:1010877:1008451, 9, 9, 0.00, 0
c9, ci_n_ads.js, fb86e126d679450aa031edecc35ce84c, 1011004, 1324790, 3173308, 0.45, 0.05, 0.40, 1.00, 0.05263, 4000, 417, 2719, 5958, 0.2312, 1.00, 1.00, 1.00, 1.00, 1000, 1.00, 1.00, 1.00, 1.00, 1000, 3.80, 2.66, 4.14, 5.61, -0.1153, 0.00, 0.00, 0.00, 0.00, 0, 15, 1011059:1011004, 2, 2, 0.00, 0
auctionexpr, ci_n_ads.js, 11409ae4ecdb445e8025fbfb9371baaa, 993356, 1293525, 3153279, 0.90, 0.05, 0.49, 0.90, 0.4824, 1319, 473, 3504, 11737, -0.1940, 1.91, 1.91, 2.09, 2.94, -0.1748, 5.12, 4.99, 6.12, 8.93, -0.2538, 0.00, 0.00, 0.00, 0.00, 0, 0.00, 0.00, 0.00, 0.00, 0, 15, 1011056:993356:1011029:, 2, 3, 0.9, 1
c9, ci_n_ads.js, 45fc80d081d1459cb0ed101f275c04f2, 1010848, 1324623, 3173199, 0.52, 0.05, 0.39, 2.00, 0.06667, 3714, 246, 2578, 8107, 0.1445, 1.00, 1.00, 1.00, 1.00, 1000, 1.00, 1.00, 1.00, 1.00, 1000, 0.42, 0.00, 0.19, 0.43, 0.5349, 0.00, 0.00, 3.67, 9.37, -0.3917, 15, 1010848:1008811:996838:, 1, 3, 0.00, 0
c9, ci_n_ads.js, 45fc80d081d1459cb0ed101f275c04f2, 1008811, 1322183, 3171357, 0.30, 0.05, 0.39, 2.00, -0.04615, 8107, 246, 2578, 8107, 0.7033, 1.00, 1.00, 1.00, 1.00, 1000, 1.00, 1.00, 1.00, 1.00, 1000, 0.37, 0.00, 0.19, 0.43, 0.4186, 0.00, 0.00, 3.67, 9.37, -0.3917, 15, 1010848:1008811:996838:, 2, 3, 0.06, 1
c9, ci_n_ads.js, 45fc80d081d1459cb0ed101f275c04f2, 996838, 1300465, 3158121, 0.05, 0.05, 0.39, 2.00, -0.1744, 711, 246, 2578, 8107, -0.2375, 1.00, 1.00, 1.00, 1.00, 1000, 1.00, 1.00, 1.00, 1.00, 1000, 0.41, 0.00, 0.19, 0.43, 0.5116, 0.00, 0.00, 3.67, 9.37, -0.3917, 15, 1010848:1008811:996838:, 3, 3, 0.00, 0
c9, ci_n_ads.js, 87985ee0ba1f43e383897f3927ac0bd2, 1011062, 1324928, 3173365, 0.50, 0.05, 0.34, 0.70, 0.2462, 14053, 270, 3312, 14053, 0.7793, 1.00, 1.00, 1.00, 1.00, 1000, 1.00, 1.00, 1.00, 1.00, 1000, 2.63, 1.73, 2.32, 3.66, 0.1606, 0.00, 0.00, 0.00, 0.00, 0, 16, 1010034:1011062, 2, 2, 0.5, 1
auctionexpr, ci_n_ads.js, 923b12a98fed45b58dbf017e69e00dd3, 1010549, 1324099, 3172898, 0.50, 0.05, 0.39, 1.00, 0.1158, 480, 357, 3875, 21331, -0.1619, 0.35, 0.27, 0.34, 0.52, 0.04000, 4.41, 3.54, 4.86, 7.95, -0.1020, 0.00, 0.00, 0.00, 0.00, 0, 0.00, 0.00, 0.00, 0.00, 0, 16, 1009778:1008186:1010549, 3, 3, 0.00, 0
auctionexpr, ci_n_ads.js, 6e31534460fd4fe5bb6ff5c22af65efc, 1010324, 1323859, 3172995, 0.60, 0.05, 0.37, 0.70, 0.3538, 2489, 640, 2789, 6067, -0.05528, 2.34, 2.16, 2.55, 3.28, -0.1875, 6.62, 5.18, 7.04, 9.11, -0.1069, 0.00, 0.00, 0.00, 0.00, 0, 0.00, 0.00, 0.00, 0.00, 0, 16, 1009667:1009990:1010324, 3, 3, 0.00, 0
auctionexpr, ci_n_ads.js, a5eb17cdebc642b19d463be46bad1fc9, 1010955, 1324955, 3173389, 0.60, 0.05, 0.32, 1.00, 0.2947, 4000, 790, 2815, 9383, 0.1379, 1.91, 1.65, 1.97, 2.86, -0.04959, 6.44, 4.84, 6.01, 8.45, 0.1191, 0.00, 0.00, 0.00, 0.00, 0, 0.00, 0.00, 0.00, 0.00, 0, 16, 1010105:1010955, 2, 2, 0.00, 0
auctionexpr, ci_n_ads.js, 7e6814b78d2b4f8cb1bd51553831ada6, 1010127, 1323587, 3172520, 0.60, 0.05, 0.12, 1.00, 0.5053, 2369, 412, 1394, 9383, 0.1087, 2.80, 2.10, 2.20, 2.81, 0.8451, 7.01, 5.25, 5.80, 9.99, 0.2553, 0.00, 0.00, 0.00, 0.00, 0, 0.00, 0.00, 0.00, 0.00, 0, 16, 1011090:1010127, 2, 2, 0.00, 0
auctionexpr, ci_n_ads.js, ad3efc6c6f8e45ccb74d26d55655c171, 1006804, 1323815, 3169768, 0.60, 0.05, 0.37, 1.50, 0.1586, 773, 185, 1882, 16355, -0.06858, 0.29, 0.19, 0.27, 0.63, 0.04545, 3.34, 2.21, 3.34, 6.73, 0, 0.00, 0.00, 0.00, 0.00, 0, 0.00, 0.00, 0.00, 0.00, 0, 17, 1010430:1009667:1009646:1004303:1010853:1009968:1006804:1000625:1010877, 7, 9, 0.00, 0
auctionexpr, ci_n_ads.js, ad3efc6c6f8e45ccb74d26d55655c171, 1000625, 1307266, 3163189, 0.45, 0.05, 0.37, 1.50, 0.05517, 879, 185, 1882, 16355, -0.06203, 0.38, 0.19, 0.27, 0.63, 0.2500, 4.15, 2.21, 3.34, 6.73, 0.1792, 0.00, 0.00, 0.00, 0.00, 0, 0.00, 0.00, 0.00, 0.00, 0, 17, 1010430:1009667:1009646:1004303:1010853:1009968:1006804:1000625:1010877, 8, 9, 0.00, 0
auctionexpr, ci_n_ads.js, 10f0acd4f7d740a0b96f99ec9f43505f, 1011092, 1324959, 3173397, 0.76, 0.05, 0.43, 0.87, 0.4024, 10318, 365, 4122, 10318, 0.6225, 0.37, 0.26, 0.33, 0.54, 0.1429, 8.38, 3.65, 5.53, 8.38, 0.6025, 0.00, 0.00, 0.00, 0.00, 0, 0.00, 0.00, 0.00, 0.00, 0, 17, 1011089:1011092:1010136, 2, 3, 0.00, 0
auctionexpr, ci_n_ads.js, 2e3b57edfb6248f69bd55df5cb014153, 1010324, 1323859, 3172996, 1.50, 0.05, 0.36, 1.50, 0.7862, 2054, 567, 3122, 6344, -0.1849, 1.41, 1.41, 1.72, 2.29, -0.3523, 5.74, 4.80, 6.98, 8.89, -0.3032, 0.00, 0.00, 0.00, 0.00, 0, 0.00, 0.00, 0.00, 0.00, 0, 17, 1010324:1010666:1009667, 1, 3, 1.28, 1
auctionexpr, ci_n_ads.js, 37ce3c1f663f4f6cb7f3f9f5f1379619, 1000160, 1306484, 3162561, 0.70, 0.05, 0.44, 1.50, 0.1793, 1418, 108, 1614, 15147, -0.01303, 0.35, 0.18, 0.20, 0.40, 0.6818, 5.78, 2.97, 3.69, 7.35, 0.4772, 0.00, 0.00, 0.00, 0.00, 0, 0.00, 0.00, 0.00, 0.00, 0, 17, 1011090:1010324:1000160:1010520:1008526:1011092:1008186:1010435:993356:, 3, 9, 0.00, 0
auctionexpr, ci_n_ads.js, 205a4d87e90f485b94f283776eee09ac, 1011030, 1324872, 3173334, 0.45, 0.05, 0.31, 1.00, 0.1474, 10510, 108, 2325, 18199, 0.4524, 1.09, 0.95, 1.02, 1.51, 0.1250, 7.12, 4.40, 5.09, 9.64, 0.3874, 0.00, 0.00, 0.00, 0.00, 0, 0.00, 0.00, 0.00, 0.00, 0, 17, 1011092:1010324:1010557:1007924:1010869:1011057:1011030:1010127:1009990:1010367:1010685:992396:, 7, 12, 0.00, 0
auctionexpr, ci_n_ads.js, 6b55c2d09dbf4fc6931897216de69f50, 1007924, 1319599, 3171822, 0.86, 0.05, 0.40, 1.50, 0.3172, 2109, 108, 1614, 15147, 0.03291, 0.37, 0.23, 0.28, 0.53, 0.3000, 5.02, 3.42, 3.92, 7.74, 0.2546, 0.00, 0.00, 0.00, 0.00, 0, 0.00, 0.00, 0.00, 0.00, 0, 17, 1011090:1010324:1007924:1011092:1010557:1008186:993356:1000180:1009990:, 3, 9, 0.00, 0
auctionexpr, ci_n_ads.js, 6b55c2d09dbf4fc6931897216de69f50, 1008186, 1319991, 3170896, 0.45, 0.05, 0.40, 1.50, 0.03448, 2937, 108, 1614, 15147, 0.08797, 0.53, 0.23, 0.28, 0.53, 0.8333, 6.78, 3.42, 3.92, 7.74, 0.6620, 0.00, 0.00, 0.00, 0.00, 0, 0.00, 0.00, 0.00, 0.00, 0, 17, 1011090:1010324:1007924:1011092:1010557:1008186:993356:1000180:1009990:, 6, 9, 0.00, 0
a9, ci_n_ads.js, 0a0e748ce31140d29e3f0f0de6089593, 737575, 1315882, 3104176, 0.35, 0.05, 0.22, 0.60, 0.2364, 1782, 1075, 3221, 5618, -0.3168, 1.00, 1.00, 1.00, 1.00, 1000, 1.00, 1.00, 1.00, 1.00, 1000, 3.39, 2.77, 4.11, 7.06, -0.1678, 0.00, 0.00, 0.00, 0.00, 0, 17, 737575:747343:, 1, 2, 0.00, 0
e9, ci_n_ads.js, b53eb241c67d4c6d840569c9bbfc44cb, 1011090, 1324957, 3173395, 1.00, 0.05, 0.40, 1.00, 0.6316, 9201, 412, 2938, 9201, 0.7126, 1.00, 1.00, 1.00, 1.00, 1000, 1.00, 1.00, 1.00, 1.00, 1000, 5.80, 2.75, 4.21, 5.80, 0.5213, 0.00, 0.00, 0.00, 0.00, 0, 17, 1011090:1010105, 1, 2, 0.00, 0
b9, ci_n_ads.js, 2d1ac4c804c64436aa70d8313578fcfc, 1009778, 1322860, 3172141, 0.45, 0.05, 0.37, 1.00, 0.08421, 8066, 365, 4472, 15698, 0.2344, 1.00, 1.00, 1.00, 1.00, 1000, 1.00, 1.00, 1.00, 1.00, 1000, 0.31, 0.29, 0.35, 0.68, -0.1026, 0.00, 0.00, 0.00, 0.00, 0, 17, 1010965:1009778:1010021, 2, 3, 0.32, 1
auctionexpr, ci_n_ads.js, b14c1a875be44e779d85b2bc11c8606b, 1010955, 1324955, 3173389, 0.60, 0.05, 0.32, 0.80, 0.3733, 4000, 572, 2630, 5620, 0.2714, 3.75, 1.58, 2.04, 3.75, 0.7880, 8.85, 4.25, 6.11, 8.85, 0.5957, 0.00, 0.00, 0.00, 0.00, 0, 0.00, 0.00, 0.00, 0.00, 0, 18, 1010955:1011061, 1, 2, 0.00, 0
auctionexpr, ci_n_ads.js, 4ecc67d51bb94f648ac62827f8660f18, 1010127, 1323587, 3172520, 0.60, 0.05, 0.39, 1.00, 0.2211, 2382, 391, 2354, 8721, 0.003361, 5.80, 2.75, 4.14, 5.80, 0.5443, 7.09, 4.84, 6.17, 10.00, 0.1783, 0.00, 0.00, 0.00, 0.00, 0, 0.00, 0.00, 0.00, 0.00, 0, 18, 1010127:1011059, 1, 2, 0.00, 0
a9, ci_n_ads.js, eabdd77c36f2460982b807a8bacbdb7a, 1009968, 1323219, 3172284, 0.50, 0.05, 0.38, 1.00, 0.1263, 738, 193, 2191, 5622, -0.2676, 1.00, 1.00, 1.00, 1.00, 1000, 1.00, 1.00, 1.00, 1.00, 1000, 0.00, 0.00, 0.17, 0.43, -0.3953, 8.35, 0.00, 3.63, 9.54, 0.4948, 18, 1009968:980270:1009107:, 1, 3, 0.00, 0
e9, ci_n_ads.js, 6e674fad17f64909bcbfce51818ad402, 1011090, 1324957, 3173395, 1.00, 0.05, 0.29, 1.00, 0.7474, 7453, 597, 2260, 7453, 0.7574, 1.00, 1.00, 1.00, 1.00, 1000, 1.00, 1.00, 1.00, 1.00, 1000, 3.00, 2.24, 2.42, 3.00, 0.7632, 0.00, 0.00, 0.00, 0.00, 0, 18, 1011090:1010127, 1, 2, 0.61, 1
auctionexpr, ci_n_ads.js, a488afecdcda4623af1d9d16a257407d, 1010957, 1324969, 3173409, 0.89, 0.05, 0.36, 1.50, 0.3655, 4327, 109, 1794, 12865, 0.1986, 0.29, 0.19, 0.24, 0.49, 0.1667, 5.12, 3.12, 3.77, 7.44, 0.3125, 0.00, 0.00, 0.00, 0.00, 0, 0.00, 0.00, 0.00, 0.00, 0, 18, 1011090:1010324:1010957:1011092:1008186:1010666:1010557:1003432:1000180, 3, 9, 0.00, 0
auctionexpr, ci_n_ads.js, b7a45475c08e41eaa29c761160641c60, 1010955, 1324955, 3173389, 0.60, 0.05, 0.33, 0.80, 0.3600, 3298, 780, 2423, 4677, 0.2245, 2.24, 1.99, 2.37, 3.36, -0.09489, 7.61, 5.53, 6.99, 9.62, 0.1516, 0.00, 0.00, 0.00, 0.00, 0, 0.00, 0.00, 0.00, 0.00, 0, 18, 1011058:1010955, 2, 2, 0.52, 1
e9, ci_n_ads.js, cc52cd49e83647659ebc2fd1964445da, 1000089, 1306413, 3162490, 0.70, 0.05, 0.30, 0.70, 0.6154, 2759, 593, 3156, 7462, -0.05780, 1.00, 1.00, 1.00, 1.00, 1000, 1.00, 1.00, 1.00, 1.00, 1000, 3.85, 1.47, 1.75, 3.85, 0.8824, 0.00, 0.00, 0.00, 0.00, 0, 18, 1000089:1009990, 1, 2, 0.7, 1
b9, ci_n_ads.js, 6bd48847392241c8aec49fb00f420e31, 1005912, 1316010, 3168787, 0.35, 0.05, 0.42, 1.50, -0.04828, 11733, 225, 2582, 11733, 0.7952, 1.00, 1.00, 1.00, 1.00, 1000, 1.00, 1.00, 1.00, 1.00, 1000, 0.00, 0.00, 0.91, 2.63, -0.3460, 5.13, 0.00, 3.22, 7.39, 0.2585, 19, 1005912:980277:1003432:, 1, 3, 0.35, 1
auctionexpr, ci_n_ads.js, 3d58031d5d134fe4bff1364beca46bbc, 1009170, 1321559, 3171661, 0.50, 0.05, 0.29, 0.89, 0.2500, 2155, 225, 1626, 13157, 0.04091, 0.45, 0.36, 0.41, 0.59, 0.1739, 5.49, 4.18, 4.96, 10.00, 0.09107, 0.00, 0.00, 0.00, 0.00, 0, 0.00, 0.00, 0.00, 0.00, 0, 19, 1010957:995036:1009170:, 3, 3, 0.00, 0
e9, ci_n_ads.js, 95cc5088a40c405d899206d65ac8ae0f, 1005911, 1316005, 3168786, 0.30, 0.05, 0.32, 0.70, -0.03077, 3505, 372, 3397, 11477, 0.009725, 1.00, 1.00, 1.00, 1.00, 1000, 1.00, 1.00, 1.00, 1.00, 1000, 0.52, 0.44, 0.59, 1.40, -0.07292, 0.00, 0.00, 0.00, 0.00, 0, 19, 1005911:980263:738648:, 1, 3, 0.3, 1
e9, ci_n_ads.js, 95cc5088a40c405d899206d65ac8ae0f, 980263, 1264871, 3115783, 0.30, 0.05, 0.32, 0.70, -0.03077, 4421, 372, 3397, 11477, 0.09221, 1.00, 1.00, 1.00, 1.00, 1000, 1.00, 1.00, 1.00, 1.00, 1000, 0.53, 0.44, 0.59, 1.40, -0.06250, 0.00, 0.00, 0.00, 0.00, 0, 19, 1005911:980263:738648:, 2, 3, 0.00, 0
a9, ci_n_ads.js, 2a6e391733e445b89c68f8fcf1000d14, 738659, 970558, 2817049, 0.20, 0.05, 0.37, 0.80, -0.2267, 3133, 408, 2173, 4075, 0.2618, 1.00, 1.00, 1.00, 1.00, 1000, 1.00, 1.00, 1.00, 1.00, 1000, 2.69, 2.69, 4.25, 5.99, -0.4727, 0.00, 0.00, 0.00, 0.00, 0, 19, 738659:747343:, 1, 2, 0.2, 1
b9, ci_n_ads.js, 88f29173cd7d433da14caa2c21d597e5, 999115, 1304426, 3162470, 0.06, 0.05, 0.26, 1.00, -0.2105, 3796, 224, 1803, 13153, 0.1541, 1.00, 1.00, 1.00, 1.00, 1000, 1.00, 1.00, 1.00, 1.00, 1000, 0.38, 0.36, 0.43, 0.68, -0.1562, 0.00, 0.00, 0.00, 0.00, 0, 19, 995036:999115:1007545:, 2, 3, 0.00, 0
b9, ci_n_ads.js, 88f29173cd7d433da14caa2c21d597e5, 1007545, 1319024, 3170427, 0.21, 0.05, 0.26, 1.00, -0.05263, 2528, 224, 1803, 13153, 0.05608, 1.00, 1.00, 1.00, 1.00, 1000, 1.00, 1.00, 1.00, 1.00, 1000, 0.38, 0.36, 0.43, 0.68, -0.1562, 0.00, 0.00, 0.00, 0.00, 0, 19, 995036:999115:1007545:, 3, 3, 0.00, 0
auctionexpr, ci_n_ads.js, 5e31611d2fce4210b752f85444440709, 1006804, 1323814, 3169768, 0.60, 0.05, 0.35, 0.89, 0.2976, 762, 246, 3148, 7471, -0.3302, 2.28, 2.28, 2.68, 3.42, -0.3509, 5.20, 5.14, 6.92, 8.80, -0.4699, 0.00, 0.00, 0.00, 0.00, 0, 0.00, 0.00, 0.00, 0.00, 0, 19, 1006804:1011001:1008145, 1, 3, 0.6, 1
auctionexpr, ci_n_ads.js, 090607cd8f584e82b14905f8947d99b8, 1011046, 1324912, 3173349, 0.50, 0.05, 0.24, 0.50, 0.5778, 2146, 223, 1777, 17884, 0.02089, 2.20, 2.20, 2.29, 3.61, -0.06383, 5.05, 4.62, 5.06, 8.69, -0.002457, 0.00, 0.00, 0.00, 0.00, 0, 0.00, 0.00, 0.00, 0.00, 0, 19, 1010367:1011046, 2, 2, 0.00, 0
auctionexpr, ci_n_ads.js, 497a4f801afd48dda63697a3fe961feb, 1010324, 1323859, 3172996, 1.50, 0.05, 0.35, 1.50, 0.7931, 2086, 136, 1626, 5620, 0.08388, 2.33, 1.83, 2.19, 3.99, 0.06481, 5.97, 4.34, 5.48, 9.03, 0.1045, 0.00, 0.00, 0.00, 0.00, 0, 0.00, 0.00, 0.00, 0.00, 0, 19, 1010324:1011092:1003432:1010957:1000180:1009990:1008186:1009534:1010127, 1, 9, 0.00, 0
auctionexpr, ci_n_ads.js, 497a4f801afd48dda63697a3fe961feb, 1011092, 1324959, 3173400, 0.76, 0.05, 0.35, 1.50, 0.2828, 4519, 136, 1626, 5620, 0.5275, 2.13, 1.83, 2.19, 3.99, -0.02778, 7.48, 4.34, 5.48, 9.03, 0.4264, 0.00, 0.00, 0.00, 0.00, 0, 0.00, 0.00, 0.00, 0.00, 0, 19, 1010324:1011092:1003432:1010957:1000180:1009990:1008186:1009534:1010127, 2, 9, 0.00, 0
auctionexpr, ci_n_ads.js, b1c1af8c95af4229b30cb17718d5ba75, 1010324, 1323859, 3172927, 1.50, 0.05, 0.26, 1.50, 0.8552, 2125, 179, 2640, 7518, -0.07017, 0.41, 0.40, 0.47, 1.14, -0.08108, 3.84, 2.89, 4.41, 7.99, -0.1118, 0.00, 0.00, 0.00, 0.00, 0, 0.00, 0.00, 0.00, 0.00, 0, 19, 1010324:1009966, 1, 2, 0.00, 0
auctionexpr, ci_n_ads.js, f258e6c7956c4fb68a113a5ef5c8c879, 1010869, 1324644, 3173220, 0.45, 0.05, 0.38, 1.50, 0.04828, 15035, 114, 2877, 15035, 0.8148, 0.43, 0.27, 0.67, 10.83, -0.02273, 4.86, 0.66, 1.85, 6.26, 0.5375, 0.00, 0.00, 0.00, 0.00, 0, 0.00, 0.00, 0.00, 0.00, 0, 19, 1000118:1003432:1004303:1010869:1001533:1003313:1005912:1010032:1010324, 4, 9, 0.00, 0
auctionexpr, ci_n_ads.js, 3bcae8d1c90343a4a8971783390e2a60, 1010136, 1323559, 3172475, 0.50, 0.05, 0.29, 1.00, 0.2211, 4928, 361, 1647, 13151, 0.2565, 1.33, 0.79, 1.58, 3.62, -0.08834, 4.82, 2.48, 4.05, 9.23, 0.1141, 0.00, 0.00, 0.00, 0.00, 0, 0.00, 0.00, 0.00, 0.00, 0, 20, 1009170:1005912:1010136, 3, 3, 0.00, 0
auctionexpr, ci_n_ads.js, f9af4b859bab40dea1138f6392f751b4, 1010105, 1323512, 3172448, 0.80, 0.05, 0.38, 0.80, 0.5600, 1577, 387, 1821, 5623, -0.04660, 4.88, 1.38, 3.35, 4.88, 0.4371, 7.12, 4.63, 6.21, 8.30, 0.2480, 0.00, 0.00, 0.00, 0.00, 0, 0.00, 0.00, 0.00, 0.00, 0, 20, 1010105:1010127, 1, 2, 0.00, 0
a9, ci_n_ads.js, 19345c83c8fa468e81797e9aff4e59aa, 1010127, 1323588, 3172522, 0.60, 0.05, 0.35, 0.89, 0.2976, 4322, 270, 4635, 15034, -0.02120, 1.00, 1.00, 1.00, 1.00, 1000, 1.00, 1.00, 1.00, 1.00, 1000, 2.01, 0.97, 1.44, 2.13, 0.4914, 0.00, 0.00, 0.00, 0.00, 0, 20, 1010797:1009760:992394:1010127:1010976:, 4, 5, 0.00, 0
a9, ci_n_ads.js, 19345c83c8fa468e81797e9aff4e59aa, 1010976, 1324762, 3173280, 0.45, 0.05, 0.35, 0.89, 0.1190, 6929, 270, 4635, 15034, 0.1554, 1.00, 1.00, 1.00, 1.00, 1000, 1.00, 1.00, 1.00, 1.00, 1000, 2.01, 0.97, 1.44, 2.13, 0.4914, 0.00, 0.00, 0.00, 0.00, 0, 20, 1010797:1009760:992394:1010127:1010976:, 5, 5, 0.45, 1
c9, ci_n_ads.js, 46bc1b7fed3b4a159797dab917a12814, 1010815, 1324585, 3173166, 0.09, 0.05, 0.31, 0.80, -0.2933, 4047, 123, 3114, 8603, 0.1100, 1.00, 1.00, 1.00, 1.00, 1000, 1.00, 1.00, 1.00, 1.00, 1000, 1.70, 0.97, 1.69, 4.65, 0.002717, 0.00, 0.00, 0.00, 0.00, 0, 20, 1010815:1010960:999412:, 1, 3, 0.00, 0
auctionexpr, ci_n_ads.js, e74c8349fb4d4e5292883e80f6b6a8bc, 1011059, 1324925, 3173362, 0.50, 0.05, 0.38, 0.60, 0.2182, 3123, 639, 1885, 5622, 0.2484, 3.09, 1.78, 2.86, 4.27, 0.09237, 7.31, 4.76, 6.16, 8.38, 0.3177, 0.00, 0.00, 0.00, 0.00, 0, 0.00, 0.00, 0.00, 0.00, 0, 20, 1010127:1011059, 2, 2, 0.5, 1
auctionexpr, ci_n_ads.js, c9f54bc924f2474bbba25303ca7c42f0, 1011058, 1324924, 3173361, 0.50, 0.05, 0.33, 0.60, 0.3091, 5193, 1075, 2396, 5622, 0.6151, 2.31, 1.32, 1.81, 2.63, 0.3817, 9.27, 5.15, 6.48, 9.27, 0.6772, 0.00, 0.00, 0.00, 0.00, 0, 0.00, 0.00, 0.00, 0.00, 0, 20, 1011058:1010955, 1, 2, 0.4, 1
d9, ci_n_ads.js, d7b6940d9db9424da0f285dd93e81eb8, 1004074, 1313925, 3169180, 0.06, 0.05, 0.33, 0.89, -0.3214, 1418, 255, 2849, 5905, -0.2533, 1.00, 1.00, 1.00, 1.00, 1000, 1.00, 1.00, 1.00, 1.00, 1000, 2.11, 2.11, 2.50, 3.38, -0.3071, 0.00, 0.00, 0.00, 0.00, 0, 20, 1010757:980270:1004074:, 3, 3, 0.00, 0
e9, ci_n_ads.js, a3f94be67b644e6c9e335b17db0c35ce, 1011058, 1324924, 3173361, 0.50, 0.05, 0.36, 0.60, 0.2545, 5193, 693, 2647, 5622, 0.5165, 1.00, 1.00, 1.00, 1.00, 1000, 1.00, 1.00, 1.00, 1.00, 1000, 2.52, 1.68, 2.65, 3.87, -0.05936, 0.00, 0.00, 0.00, 0.00, 0, 20, 1010127:1011058, 2, 2, 0.00, 0
c9, ci_n_ads.js, 17240dfb4f43476281c6586d482ce437, 1009775, 1322844, 3172138, 0.39, 0.05, 0.24, 0.89, 0.1786, 839, 277, 2006, 13142, -0.09071, 1.00, 1.00, 1.00, 1.00, 1000, 1.00, 1.00, 1.00, 1.00, 1000, 0.55, 0.41, 0.47, 0.60, 0.4211, 0.00, 0.00, 0.00, 0.00, 0, 20, 1009170:999299:1009775:, 3, 3, 0.31, 1
b9, ci_n_ads.js, 90101e6e6073430c8ea00918f1617d28, 1010127, 1323588, 3172629, 0.60, 0.05, 0.32, 1.00, 0.2947, 2440, 167, 1579, 5630, 0.1576, 1.00, 1.00, 1.00, 1.00, 1000, 1.00, 1.00, 1.00, 1.00, 1000, 1.78, 0.26, 0.41, 2.94, 0.5112, 0.00, 0.00, 0.00, 0.00, 0, 21, 1010812:980270:1008186:1009169:1001741:1010127:1009990:1006513:989417:, 6, 9, 0.00, 0
auctionexpr, ci_n_ads.js, 0eb39244968b42e09d4c095577758e78, 1010127, 1323587, 3172520, 0.60, 0.05, 0.37, 0.60, 0.4182, 2467, 640, 2015, 5630, 0.09058, 5.84, 2.84, 4.21, 5.84, 0.5433, 7.75, 5.25, 6.55, 8.59, 0.3593, 0.00, 0.00, 0.00, 0.00, 0, 0.00, 0.00, 0.00, 0.00, 0, 21, 1010127:1011058, 1, 2, 0.6, 1
d9, ci_n_ads.js, 5524b3d8a5ed41dfae77e2055cc8b98d, 999479, 1305159, 3161427, 0.05, 0.05, 0.36, 0.60, -0.5636, 1311, 693, 2689, 5629, -0.2792, 1.00, 1.00, 1.00, 1.00, 1000, 1.00, 1.00, 1.00, 1.00, 1000, 3.56, 2.86, 4.19, 5.87, -0.2093, 0.00, 0.00, 0.00, 0.00, 0, 21, 999479:1011058:, 1, 2, 0.00, 0
c9, ci_n_ads.js, e29e4e9961dc42c399e0c94e67ed0619, 973478, 1251138, 3120933, 0.15, 0.05, 0.23, 0.89, -0.09524, 1432, 350, 2039, 13137, -0.04747, 1.00, 1.00, 1.00, 1.00, 1000, 1.00, 1.00, 1.00, 1.00, 1000, 0.39, 0.33, 0.37, 0.48, 0.1333, 0.00, 0.00, 0.00, 0.00, 0, 21, 996588:1007545:973478:, 3, 3, 0.00, 0
a9, ci_n_ads.js, 1c79c9829b8f42cdafaec8aa89a45258, 1000180, 1306504, 3169766, 0.30, 0.05, 0.29, 0.70, 0.01538, 1514, 384, 2858, 11472, -0.1212, 1.00, 1.00, 1.00, 1.00, 1000, 1.00, 1.00, 1.00, 1.00, 1000, 0.62, 0.30, 0.42, 0.88, 0.3448, 0.00, 0.00, 0.00, 0.00, 0, 21, 1005910:1009772:1000180, 3, 3, 0.14, 1
a9, ci_n_ads.js, bb84ba10570d41f292a01e41555754db, 1011032, 1324878, 3173336, 0.45, 0.05, 0.36, 0.60, 0.1636, 1829, 694, 2542, 5627, -0.1445, 1.00, 1.00, 1.00, 1.00, 1000, 1.00, 1.00, 1.00, 1.00, 1000, 3.21, 1.85, 2.90, 4.22, 0.1308, 0.00, 0.00, 0.00, 0.00, 0, 22, 1010978:1011032, 2, 2, 0.45, 1
e9, ci_n_ads.js, b3f4113a0b034aa99f1798a3aafd6735, 1009534, 1322260, 3171943, 0.60, 0.05, 0.22, 0.60, 0.6909, 2942, 406, 1943, 7044, 0.1505, 1.00, 1.00, 1.00, 1.00, 1000, 1.00, 1.00, 1.00, 1.00, 1000, 3.21, 2.32, 2.36, 3.21, 0.9551, 0.00, 0.00, 0.00, 0.00, 0, 22, 1009534:1011019, 1, 2, 0.00, 0
d9, ci_n_ads.js, 9e19a27ee58d4e238126b48d174176ed, 1011001, 1324787, 3173305, 0.45, 0.06, 0.35, 0.89, 0.1205, 1196, 350, 2713, 6013, -0.2679, 1.00, 1.00, 1.00, 1.00, 1000, 1.00, 1.00, 1.00, 1.00, 1000, 3.40, 2.18, 2.53, 3.40, 0.7131, 0.00, 0.00, 0.00, 0.00, 0, 22, 1006804:992415:1011001:, 3, 3, 0.00, 0
auctionexpr, ci_n_ads.js, ea521c6b09d945c081bb744d072fc9aa, 1010957, 1324967, 3173409, 0.89, 0.05, 0.31, 0.89, 0.6905, 429, 158, 1798, 7786, -0.1795, 0.52, 0.26, 0.48, 3.52, 0.01227, 1.90, 1.03, 2.35, 6.58, -0.08108, 0.00, 0.00, 0.00, 0.00, 0, 0.00, 0.00, 0.00, 0.00, 0, 22, 1006804:1010127:1008186:1009534:1009772:1008145:1000625:1010957:1000180, 8, 9, 0.00, 0
c9, ci_n_ads.js, 4808ffc04448455db6d1893a6551aa7d, 999837, 1308036, 3164379, 0.05, 0.05, 0.07, 0.11, -0.3333, 1755, 412, 1207, 2151, 0.3151, 1.00, 1.00, 1.00, 1.00, 1000, 1.00, 1.00, 1.00, 1.00, 1000, 4.59, 4.08, 4.10, 4.59, 0.9608, 0.00, 0.00, 0.00, 0.00, 0, 22, 999837:736006:, 1, 2, 0.05, 1
auctionexpr, ci_n_ads.js, dc1f68c679a44d2f97f88d69e7ffc147, 1006804, 1323816, 3169771, 0.60, 0.05, 0.30, 0.70, 0.4615, 2097, 614, 3340, 11470, -0.1145, 0.75, 0.41, 0.56, 1.49, 0.1759, 4.41, 2.65, 4.05, 6.90, 0.08471, 0.00, 0.00, 0.00, 0.00, 0, 0.00, 0.00, 0.00, 0.00, 0, 22, 1006804:1010666:1000625, 1, 3, 0.00, 0
a9, ci_n_ads.js, 0c4dd58bb1064a5188acfc9390ff281c, 992415, 1309207, 3154453, 0.50, 0.05, 0.35, 1.00, 0.1579, 2112, 339, 2245, 4913, -0.02908, 1.00, 1.00, 1.00, 1.00, 1000, 1.00, 1.00, 1.00, 1.00, 1000, 3.68, 2.16, 3.04, 4.99, 0.2261, 0.00, 0.00, 0.00, 0.00, 0, 22, 1010774:1007565:992415:, 3, 3, 0.00, 0
e9, ci_n_ads.js, e6a05cef86e8446ebb99fa8df9c42acf, 1010152, 1324461, 3172534, 0.71, 0.05, 0.23, 0.71, 0.7273, 490, 252, 977, 2708, -0.1983, 1.00, 1.00, 1.00, 1.00, 1000, 1.00, 1.00, 1.00, 1.00, 1000, 2.88, 0.25, 0.77, 3.76, 0.6011, 0.00, 0.00, 0.00, 0.00, 0, 22, 1010152:1009534, 1, 2, 0.61, 1
auctionexpr, ci_n_ads.js, 0390e599cd7a4430bd05f094240e9965, 1010780, 1324506, 3173121, 1.10, 0.05, 0.32, 1.10, 0.7429, 12378, 170, 2920, 15822, 0.6043, 0.31, 0.21, 0.26, 0.55, 0.1471, 6.81, 2.87, 3.86, 6.81, 0.7487, 0.00, 0.00, 0.00, 0.00, 0, 0.00, 0.00, 0.00, 0.00, 0, 23, 1010780:1000180:1010127:1010869:1010957:1009049:1011029:1009990:1011056, 1, 9, 0.00, 0
auctionexpr, ci_n_ads.js, 46ebd194033146aa90803b8bb433504b, 1011004, 1324790, 3173308, 0.45, 0.05, 0.37, 0.60, 0.1455, 4000, 1074, 1965, 4794, 0.5470, 3.16, 1.86, 2.57, 3.77, 0.3089, 8.81, 5.27, 6.49, 9.48, 0.5511, 0.00, 0.00, 0.00, 0.00, 0, 0.00, 0.00, 0.00, 0.00, 0, 23, 1011058:1011004, 2, 2, 0.00, 0
auctionexpr, ci_n_ads.js, 9659370d02c043738ea6a3b7b71b0d00, 1010685, 1324539, 3173027, 0.75, 0.05, 0.29, 0.89, 0.5476, 339, 170, 2553, 13893, -0.1613, 0.28, 0.24, 0.29, 0.43, -0.05263, 4.21, 4.00, 4.98, 8.42, -0.1742, 0.00, 0.00, 0.00, 0.00, 0, 0.00, 0.00, 0.00, 0.00, 0, 23, 1011030:1010957:1011057:1010127:1010977:1000180:1009990:1010685:1009971, 8, 9, 0.00, 0
auctionexpr, ci_n_ads.js, ddb8b33557df47b1b2f09474f39f3896, 1010978, 1324764, 3173282, 0.45, 0.05, 0.36, 0.60, 0.1636, 4000, 1074, 2065, 4794, 0.5202, 3.99, 2.56, 3.48, 4.67, 0.2417, 8.89, 5.77, 6.87, 9.56, 0.5330, 0.00, 0.00, 0.00, 0.00, 0, 0.00, 0.00, 0.00, 0.00, 0, 23, 1011058:1010978, 2, 2, 0.00, 0
auctionexpr, ci_n_ads.js, 5bca9abca2834ebe92a58d2d90ebcdae, 1008186, 1319992, 3170896, 0.45, 0.05, 0.30, 0.89, 0.1786, 2946, 170, 1573, 6280, 0.2247, 0.55, 0.25, 0.31, 0.55, 0.8000, 7.88, 3.67, 4.68, 7.88, 0.7601, 0.00, 0.00, 0.00, 0.00, 0, 0.00, 0.00, 0.00, 0.00, 0, 23, 1010957:1008186:1009990:1000180:1010127:1009534:1008145:1010685:1009049, 2, 9, 0.00, 0
auctionexpr, ci_n_ads.js, 5bca9abca2834ebe92a58d2d90ebcdae, 1008145, 1320417, 3170813, 0.37, 0.05, 0.30, 0.89, 0.08333, 5192, 170, 1573, 6280, 0.5923, 0.32, 0.25, 0.31, 0.55, 0.03333, 7.15, 3.67, 4.68, 7.88, 0.5867, 0.00, 0.00, 0.00, 0.00, 0, 0.00, 0.00, 0.00, 0.00, 0, 23, 1010957:1008186:1009990:1000180:1010127:1009534:1008145:1010685:1009049, 7, 9, 0.00, 0
auctionexpr, ci_n_ads.js, 5bca9abca2834ebe92a58d2d90ebcdae, 1010685, 1324539, 3173027, 0.75, 0.05, 0.30, 0.89, 0.5357, 339, 170, 1573, 6280, -0.2020, 0.30, 0.25, 0.31, 0.55, -0.03333, 3.77, 3.67, 4.68, 7.88, -0.2162, 0.00, 0.00, 0.00, 0.00, 0, 0.00, 0.00, 0.00, 0.00, 0, 23, 1010957:1008186:1009990:1000180:1010127:1009534:1008145:1010685:1009049, 8, 9, 0.00, 0
auctionexpr, ci_n_ads.js, ab9d665bc8514653bd5a745b93c75b50, 1011058, 1324924, 3173361, 0.50, 0.05, 0.37, 0.60, 0.2364, 4794, 1074, 1965, 4794, 0.7605, 3.16, 1.86, 2.57, 3.77, 0.3089, 9.48, 5.27, 6.49, 9.48, 0.7102, 0.00, 0.00, 0.00, 0.00, 0, 0.00, 0.00, 0.00, 0.00, 0, 23, 1011058:1011004, 1, 2, 0.42, 1
auctionexpr, ci_n_ads.js, e2dff023ac7244a68b7924bd98d15f04, 1000160, 1306484, 3162561, 0.70, 0.05, 0.33, 0.89, 0.4405, 1420, 167, 1831, 17734, -0.02340, 0.35, 0.20, 0.24, 0.57, 0.2973, 4.27, 2.44, 3.30, 7.32, 0.1988, 0.00, 0.00, 0.00, 0.00, 0, 0.00, 0.00, 0.00, 0.00, 0, 23, 1010436:1010869:1010518:1000160:1005912:1004490:985886:711447:1008485:, 4, 9, 0.00, 0
b9, ci_n_ads.js, 643b33b86c1949138bd26fc29fa19819, 1003415, 1312470, 3166480, 0.30, 0.05, 0.27, 0.80, 0.04000, 11466, 426, 3168, 11466, 0.7516, 1.00, 1.00, 1.00, 1.00, 1000, 1.00, 1.00, 1.00, 1.00, 1000, 0.59, 0.56, 0.68, 0.98, -0.2143, 0.00, 0.00, 0.00, 0.00, 0, 23, 1003415:1009966:1008145, 1, 3, 0.3, 1
d9, ci_n_ads.js, b6ef3b3bf5044606b36f1e9a223a606a, 1010979, 1324765, 3173283, 0.45, 0.05, 0.40, 0.60, 0.09091, 1191, 690, 2220, 4902, -0.2443, 1.00, 1.00, 1.00, 1.00, 1000, 1.00, 1.00, 1.00, 1.00, 1000, 2.99, 1.78, 2.82, 3.92, 0.07944, 0.00, 0.00, 0.00, 0.00, 0, 23, 1000974:1010979, 2, 2, 0.45, 1
d9, ci_n_ads.js, 137d1398ed104ae9af7ae51921f3e6a5, 735923, 939146, 3162887, 0.08, 0.05, 0.10, 0.60, -0.03636, 951, 412, 1254, 2697, -0.1326, 1.00, 1.00, 1.00, 1.00, 1000, 1.00, 1.00, 1.00, 1.00, 1000, 2.22, 2.22, 2.29, 2.95, -0.09589, 0.00, 0.00, 0.00, 0.00, 0, 23, 735923:1010127:, 1, 2, 0.08, 1
b9, ci_n_ads.js, 89d4477d09fd41f99a956e985cd775dc, 1009789, 1322914, 3172152, 0.39, 0.05, 0.26, 0.70, 0.2000, 6045, 357, 3986, 16055, 0.1312, 1.00, 1.00, 1.00, 1.00, 1000, 1.00, 1.00, 1.00, 1.00, 1000, 2.62, 1.31, 1.60, 2.62, 0.7786, 0.00, 0.00, 0.00, 0.00, 0, 23, 1010869:1010797:1011056:1009789:1010952, 4, 5, 0.39, 1
b9, ci_n_ads.js, c6462b9c583647388d0bf266b5b755f2, 973519, 1256134, 3107122, 0.05, 0.05, 0.42, 1.00, -0.3895, 7670, 571, 3480, 7670, 0.5902, 1.00, 1.00, 1.00, 1.00, 1000, 1.00, 1.00, 1.00, 1.00, 1000, 2.68, 2.16, 2.37, 3.15, 0.3131, 0.00, 0.00, 0.00, 0.00, 0, 1, 973519:1010848:980277:, 1, 3, 0.00, 0
auctionexpr, ci_n_ads.js, da4f692be3f745e68ccc3a0cfc9e0ba5, 1010520, 1324055, 3172868, 1.00, 0.05, 0.42, 1.00, 0.6105, 8014, 362, 3213, 11504, 0.4309, 0.30, 0.22, 0.30, 0.99, 0, 5.10, 1.96, 3.37, 6.35, 0.3941, 0.00, 0.00, 0.00, 0.00, 0, 0.00, 0.00, 0.00, 0.00, 0, 2, 1010520:1010793:1008525:1010557:1008526:1007924, 1, 6, 0.94, 1
auctionexpr, ci_n_ads.js, 5701f13edd064c4eb15cc5b239a79355, 1008306, 1320140, 3170962, 0.80, 0.05, 0.43, 0.90, 0.4353, 4116, 410, 1892, 6574, 0.3608, 4.60, 2.00, 3.43, 4.75, 0.4255, 8.41, 4.60, 6.17, 8.41, 0.5879, 0.00, 0.00, 0.00, 0.00, 0, 0.00, 0.00, 0.00, 0.00, 0, 2, 1008306:1010105, 1, 2, 0.8, 1
auctionexpr, ci_n_ads.js, c1da570daff84e1286080fb1bebdbcbc, 1010127, 1323587, 3172520, 0.60, 0.05, 0.24, 0.80, 0.4800, 2416, 598, 1668, 4112, 0.2129, 3.98, 3.08, 3.42, 4.10, 0.5490, 8.26, 5.75, 7.07, 9.91, 0.2861, 0.00, 0.00, 0.00, 0.00, 0, 0.00, 0.00, 0.00, 0.00, 0, 6, 1008306:1010127, 2, 2, 0.00, 0
auctionexpr, ci_n_ads.js, 9a92cfbff93646308e52cdc27c165c59, 736006, 1304914, 3161890, 0.11, 0.05, 0.08, 0.11, 0.5000, 1510, 412, 1257, 2306, 0.1336, 4.14, 4.14, 4.15, 4.36, -0.04545, 8.47, 6.57, 8.03, 9.85, 0.1341, 0.00, 0.00, 0.00, 0.00, 0, 0.00, 0.00, 0.00, 0.00, 0, 6, 736006:999837:, 1, 2, 0.00, 0
d9, ci_n_ads.js, 2ca3e98b3e3e478f8308aa32c871d1cd, 999116, 1304435, 3162756, 0.10, 0.05, 0.36, 0.80, -0.3467, 1355, 592, 2709, 6572, -0.2264, 1.00, 1.00, 1.00, 1.00, 1000, 1.00, 1.00, 1.00, 1.00, 1000, 2.33, 1.22, 1.85, 3.38, 0.2222, 0.00, 0.00, 0.00, 0.00, 0, 6, 999116:724868:, 1, 2, 0.00, 0
auctionexpr, ci_n_ads.js, 0e3d8840b755440ebd14c41f2cba7d40, 737575, 1240090, 3104176, 0.35, 0.05, 0.23, 0.35, 0.4000, 1864, 1074, 2899, 7667, -0.1570, 3.02, 2.08, 3.39, 8.66, -0.05623, 4.66, 4.60, 5.28, 6.98, -0.2605, 0.00, 0.00, 0.00, 0.00, 0, 0.00, 0.00, 0.00, 0.00, 0, 7, 737575:747343:, 1, 2, 0.00, 0
auctionexpr, ci_n_ads.js, b5056e26067144d79de7b687d5c23f77, 1005922, 1317261, 3168814, 0.82, 0.05, 0.57, 1.00, 0.2632, 1488, 196, 2280, 7722, -0.1052, 0.63, 0.37, 0.49, 0.95, 0.2414, 5.18, 2.97, 4.74, 8.12, 0.08544, 0.00, 0.00, 0.00, 0.00, 0, 0.00, 0.00, 0.00, 0.00, 0, 7, 1008187:1005922, 2, 2, 0.82, 1
d9, ci_n_ads.js, 9912cea4920741f185630576272c5aab, 1008525, 1320419, 3171181, 0.80, 0.05, 0.36, 0.80, 0.5867, 3953, 434, 2230, 6572, 0.2807, 1.00, 1.00, 1.00, 1.00, 1000, 1.00, 1.00, 1.00, 1.00, 1000, 5.43, 1.97, 4.48, 6.10, 0.2300, 0.00, 0.00, 0.00, 0.00, 0, 7, 1008525:1009791, 1, 2, 0.4, 1
b9, ci_n_ads.js, 808402181bca4b5da38c8821b70195f3, 1009788, 1322907, 3172151, 0.39, 0.05, 0.42, 1.00, -0.03158, 1433, 570, 3310, 7667, -0.2645, 1.00, 1.00, 1.00, 1.00, 1000, 1.00, 1.00, 1.00, 1.00, 1000, 1.62, 1.13, 1.23, 1.62, 0.7959, 0.00, 0.00, 0.00, 0.00, 0, 7, 1009788:1006804:1006675, 1, 3, 0.00, 0
auctionexpr, ci_n_ads.js, 00f2d1e7a77d40ab91ead3a537643d02, 1007696, 1319296, 3170590, 2.50, 0.05, 0.35, 2.50, 0.8776, 2823, 613, 2010, 3410, 0.2907, 0.27, 0.26, 0.30, 0.52, -0.1154, 6.76, 4.08, 6.12, 8.17, 0.1565, 0.00, 0.00, 0.00, 0.00, 0, 0.00, 0.00, 0.00, 0.00, 0, 7, 1007696:1008279, 1, 2, 0.75, 1
auctionexpr, ci_n_ads.js, 7f24271a85f14f4c80233bac123d22a7, 736006, 1304914, 3161890, 0.11, 0.05, 0.08, 0.11, 0.5000, 1510, 412, 1282, 3575, 0.07208, 4.18, 4.18, 4.18, 4.26, 0, 7.63, 6.41, 7.38, 9.95, 0.07062, 0.00, 0.00, 0.00, 0.00, 0, 0.00, 0.00, 0.00, 0.00, 0, 8, 736006:999837:, 1, 2, 0.00, 0
b9, ci_n_ads.js, 98708d4b9bbf430fadf2a310309a5e8a, 973519, 1256134, 3107122, 0.05, 0.05, 0.54, 1.50, -0.3379, 7667, 196, 3134, 13233, 0.3477, 1.00, 1.00, 1.00, 1.00, 1000, 1.00, 1.00, 1.00, 1.00, 1000, 2.84, 2.27, 2.87, 4.34, -0.01449, 0.00, 0.00, 0.00, 0.00, 0, 8, 1005912:1007419:973519:, 3, 3, 0.00, 0
c9, ci_n_ads.js, 0fba179b0a864c5f9f83b393efa5c22f, 1010208, 1323673, 3172567, 0.05, 0.05, 0.41, 2.50, -0.1469, 801, 225, 1902, 7667, -0.1479, 1.00, 1.00, 1.00, 1.00, 1000, 1.00, 1.00, 1.00, 1.00, 1000, 0.28, 0.28, 0.29, 0.51, -0.04348, 0.00, 0.00, 0.00, 0.00, 0, 8, 1010208:1000717:1006985:980270:1007125:1010812:984508:1010793:1010528:, 1, 9, 0.00, 0
b9, ci_n_ads.js, 319257ca254340aabaa654719017474c, 980277, 1298145, 3115793, 0.05, 0.05, 0.36, 0.80, -0.4133, 5676, 432, 2676, 6572, 0.4886, 1.00, 1.00, 1.00, 1.00, 1000, 1.00, 1.00, 1.00, 1.00, 1000, 2.22, 1.63, 2.12, 3.56, 0.05181, 0.00, 0.00, 0.00, 0.00, 0, 8, 973491:980277:, 2, 2, 0.00, 0
b9, ci_n_ads.js, 441a8d8edf0d46d5878953c4b5496a97, 980277, 1298145, 3115793, 0.05, 0.05, 0.44, 1.10, -0.3714, 5675, 424, 2790, 7721, 0.3954, 1.00, 1.00, 1.00, 1.00, 1000, 1.00, 1.00, 1.00, 1.00, 1000, 1.61, 0.00, 0.84, 1.94, 0.3969, 6.21, 0.00, 2.95, 6.48, 0.5031, 8, 729014:1010666:980277:, 3, 3, 0.00, 0
auctionexpr, ci_n_ads.js, 125ed90400b1411882784df25e66dda4, 1008525, 1320420, 3171181, 0.80, 0.05, 0.38, 0.80, 0.5600, 4009, 401, 1786, 5675, 0.4215, 6.22, 2.20, 5.73, 6.80, 0.1065, 8.60, 5.24, 6.76, 8.60, 0.5476, 0.00, 0.00, 0.00, 0.00, 0, 0.00, 0.00, 0.00, 0.00, 0, 8, 1008525:1010105, 1, 2, 0.00, 0
b9, ci_n_ads.js, c01e284e10c14e418ec4423519cc637f, 1005910, 1316004, 3168785, 0.35, 0.05, 0.35, 1.10, 0, 7147, 661, 3038, 11507, 0.3788, 1.00, 1.00, 1.00, 1.00, 1000, 1.00, 1.00, 1.00, 1.00, 1000, 3.14, 3.00, 4.20, 6.54, -0.2994, 0.00, 0.00, 0.00, 0.00, 0, 8, 1005910:999300:980263:, 1, 3, 0.13, 1
b9, ci_n_ads.js, c01e284e10c14e418ec4423519cc637f, 999300, 1304906, 3161891, 0.10, 0.05, 0.35, 1.10, -0.2381, 4833, 661, 3038, 11507, 0.1655, 1.00, 1.00, 1.00, 1.00, 1000, 1.00, 1.00, 1.00, 1.00, 1000, 4.31, 3.00, 4.20, 6.54, 0.03107, 0.00, 0.00, 0.00, 0.00, 0, 8, 1005910:999300:980263:, 2, 3, 0.00, 0
auctionexpr, ci_n_ads.js, cfc5245a57064a35bcdd0e47758a85b5, 1007032, 1318218, 3170013, 0.82, 0.05, 0.32, 0.85, 0.6250, 2927, 406, 1846, 13238, 0.08424, 0.49, 0.38, 0.49, 0.75, 0, 5.14, 3.70, 4.82, 9.58, 0.05442, 0.00, 0.00, 0.00, 0.00, 0, 0.00, 0.00, 0.00, 0.00, 0, 8, 1007032:1005922:995036:, 1, 3, 0.00, 0
b9, ci_n_ads.js, f9b173f98ec7461491d47c80b54ac8d1, 1010812, 1324579, 3173163, 0.09, 0.05, 0.40, 2.50, -0.1265, 7355, 224, 2087, 7721, 0.7027, 1.00, 1.00, 1.00, 1.00, 1000, 1.00, 1.00, 1.00, 1.00, 1000, 0.19, 0.19, 0.21, 0.57, -0.05263, 0.00, 0.00, 0.00, 0.00, 0, 9, 729014:1010812:994389:980277:1010666:985428:1010793:1003595:1010837:, 2, 9, 0.00, 0
a9, ci_n_ads.js, 41929a05f87c4998b7f86bcd7d6fa248, 980277, 1298145, 3115793, 0.05, 0.05, 0.39, 2.50, -0.1388, 5668, 257, 2193, 7666, 0.4690, 1.00, 1.00, 1.00, 1.00, 1000, 1.00, 1.00, 1.00, 1.00, 1000, 0.32, 0.24, 0.25, 0.37, 0.5385, 0.00, 0.00, 0.00, 0.00, 0, 9, 1010861:1000717:980277:999716:1005922:1003599:1009667:1008766:1009772:, 3, 9, 0.00, 0
a9, ci_n_ads.js, 41929a05f87c4998b7f86bcd7d6fa248, 1009667, 1323406, 3172202, 0.60, 0.05, 0.39, 2.50, 0.08571, 3297, 257, 2193, 7666, 0.1490, 1.00, 1.00, 1.00, 1.00, 1000, 1.00, 1.00, 1.00, 1.00, 1000, 0.24, 0.24, 0.25, 0.37, -0.07692, 0.00, 0.00, 0.00, 0.00, 0, 9, 1010861:1000717:980277:999716:1005922:1003599:1009667:1008766:1009772:, 7, 9, 0.00, 0
auctionexpr, ci_n_ads.js, 9fc54015d98146dc85c3a61f6f9df515, 1007924, 1319599, 3171822, 0.86, 0.05, 0.48, 1.50, 0.2621, 2244, 313, 1836, 7666, 0.05549, 0.28, 0.28, 0.30, 0.52, -0.08333, 4.71, 3.73, 4.69, 9.92, 0.003231, 0.00, 0.00, 0.00, 0.00, 0, 0.00, 0.00, 0.00, 0.00, 0, 9, 1010324:1010676:1008525:1008279:993356:1007924:1008486:1007032:1009667:, 6, 9, 0.00, 0
a9, ci_n_ads.js, bde105663257491b803bd3fdb7948ee6, 1009791, 1322921, 3172154, 0.39, 0.05, 0.34, 0.80, 0.06667, 1258, 427, 2135, 6571, -0.1427, 1.00, 1.00, 1.00, 1.00, 1000, 1.00, 1.00, 1.00, 1.00, 1000, 4.60, 1.81, 4.08, 5.61, 0.1368, 0.00, 0.00, 0.00, 0.00, 0, 9, 1009791:1010440, 1, 2, 0.00, 0
a9, ci_n_ads.js, 08f09645070c4dc8b690adfed8d26e39, 1010324, 1323859, 3172929, 0.60, 0.05, 0.38, 1.10, 0.2095, 2592, 257, 2143, 7720, 0.06016, 1.00, 1.00, 1.00, 1.00, 1000, 1.00, 1.00, 1.00, 1.00, 1000, 0.18, 0.18, 0.20, 0.31, -0.1538, 0.00, 0.00, 0.00, 0.00, 0, 9, 1009726:1009772:1010861:996838:1005922:1001037:973491:1010812:1010324:, 9, 9, 0.00, 0
auctionexpr, ci_n_ads.js, 7b610283dc894dfb95dc24a24b8b4796, 1007125, 1318210, 3170043, 0.80, 0.05, 0.45, 1.50, 0.2414, 3060, 256, 1859, 7720, 0.1609, 0.23, 0.21, 0.24, 0.70, -0.02041, 3.97, 2.27, 3.36, 7.74, 0.1115, 0.00, 0.00, 0.00, 0.00, 0, 0.00, 0.00, 0.00, 0.00, 0, 10, 1007125:1007032:1008279:1009667:1008186:1010528:1003595:993356:1005922:, 1, 9, 0.00, 0
auctionexpr, ci_n_ads.js, 7b610283dc894dfb95dc24a24b8b4796, 993356, 1293525, 3153279, 0.90, 0.05, 0.45, 1.50, 0.3103, 1320, 256, 1859, 7720, -0.07221, 0.21, 0.21, 0.24, 0.70, -0.06122, 2.81, 2.27, 3.36, 7.74, -0.1005, 0.00, 0.00, 0.00, 0.00, 0, 0.00, 0.00, 0.00, 0.00, 0, 10, 1007125:1007032:1008279:1009667:1008186:1010528:1003595:993356:1005922:, 8, 9, 0.00, 0
e9, ci_n_ads.js, 45fda7b577204fc394a0162a78bb0e86, 1010676, 1324391, 3173125, 1.10, 0.05, 0.38, 1.10, 0.6857, 3737, 256, 1989, 7720, 0.2342, 1.00, 1.00, 1.00, 1.00, 1000, 1.00, 1.00, 1.00, 1.00, 1000, 0.20, 0.20, 0.21, 0.71, -0.01961, 0.00, 0.00, 0.00, 0.00, 0, 10, 1010676:1008279:1010528:1010557:993356:1007924:1005922:1010793:1007032:, 1, 9, 0.00, 0
b9, ci_n_ads.js, adf04fc1d25f4c529b7b06a9d884148f, 999300, 1304993, 3161893, 0.14, 0.05, 0.31, 0.85, -0.2125, 3579, 406, 2105, 13226, 0.1150, 1.00, 1.00, 1.00, 1.00, 1000, 1.00, 1.00, 1.00, 1.00, 1000, 0.38, 0.36, 0.44, 0.71, -0.1714, 0.00, 0.00, 0.00, 0.00, 0, 10, 995036:1009507:999300:, 3, 3, 0.00, 0
a9, ci_n_ads.js, 207bd08bfd90419b879db36761ea113b, 1009765, 1322799, 3172128, 0.39, 0.05, 0.31, 0.80, 0.1067, 810, 430, 2048, 6571, -0.2016, 1.00, 1.00, 1.00, 1.00, 1000, 1.00, 1.00, 1.00, 1.00, 1000, 3.57, 1.43, 3.16, 4.76, 0.1231, 0.00, 0.00, 0.00, 0.00, 0, 11, 980270:1009765:, 2, 2, 0.00, 0
auctionexpr, ci_n_ads.js, 949075095b384c2a8297e1a2e84e54f4, 1009795, 1322945, 3172158, 0.39, 0.05, 0.29, 0.60, 0.1818, 4796, 270, 2307, 6572, 0.3950, 2.82, 1.55, 2.29, 3.47, 0.2760, 8.29, 4.29, 6.12, 8.62, 0.5012, 0.00, 0.00, 0.00, 0.00, 0, 0.00, 0.00, 0.00, 0.00, 0, 11, 1010127:1009795, 2, 2, 0.00, 0
auctionexpr, ci_n_ads.js, 55dde12b04264804bfd6ad24933d8832, 1005922, 1323536, 3168813, 0.82, 0.05, 0.34, 0.85, 0.6000, 1119, 406, 1802, 13223, -0.05329, 0.53, 0.38, 0.50, 0.77, 0.07692, 4.80, 3.65, 4.79, 9.45, 0.001724, 0.00, 0.00, 0.00, 0.00, 0, 0.00, 0.00, 0.00, 0.00, 0, 11, 1007032:1005922:995036:, 2, 3, 0.00, 0
a9, ci_n_ads.js, 6641c9643cf84ccc9644c200276aa141, 985893, 1299787, 3166269, 0.55, 0.05, 0.40, 1.00, 0.1579, 1809, 873, 3368, 7719, -0.2277, 1.00, 1.00, 1.00, 1.00, 1000, 1.00, 1.00, 1.00, 1.00, 1000, 3.32, 1.62, 1.91, 3.32, 0.8294, 0.00, 0.00, 0.00, 0.00, 0, 11, 1009667:1010811:985893:, 3, 3, 0.00, 0
auctionexpr, ci_n_ads.js, ae2e2d4969a24c639172ac232c1b59b1, 1007032, 1318219, 3170016, 0.82, 0.05, 0.45, 1.50, 0.2552, 1958, 253, 1573, 7664, 0.05195, 2.16, 2.16, 2.22, 3.89, -0.03468, 5.37, 4.48, 5.24, 9.08, 0.02826, 0.00, 0.00, 0.00, 0.00, 0, 0.00, 0.00, 0.00, 0.00, 0, 11, 1010793:1008279:1010324:1007924:993356:1007032:1009667:1000180:1005922:, 6, 9, 0.00, 0
auctionexpr, ci_n_ads.js, 791cee7a45cf4a5cb883f9db9c67d37a, 995026, 1312433, 3153756, 0.30, 0.05, 0.33, 0.82, -0.03896, 7046, 406, 1890, 13220, 0.4024, 2.74, 0.89, 1.71, 4.42, 0.2918, 6.82, 2.39, 3.96, 8.86, 0.4420, 0.00, 0.00, 0.00, 0.00, 0, 0.00, 0.00, 0.00, 0.00, 0, 11, 995026:1010838:1009775:, 1, 3, 0.3, 1
auctionexpr, ci_n_ads.js, 11a540dc7236467dab7f39f7dab8f7df, 1010514, 1324036, 3172875, 0.70, 0.05, 0.34, 1.10, 0.3429, 1185, 189, 1637, 7719, -0.06003, 2.05, 1.46, 1.78, 3.06, 0.1687, 5.39, 4.21, 5.19, 9.97, 0.03472, 0.00, 0.00, 0.00, 0.00, 0, 0.00, 0.00, 0.00, 0.00, 0, 11, 1008279:1010514:1009990, 2, 3, 0.7, 1
b9, ci_n_ads.js, a05794c5d8394896bfeee8ca03e01dd2, 973519, 1256134, 3107122, 0.05, 0.05, 0.35, 1.00, -0.3158, 7663, 251, 1857, 7663, 0.7833, 1.00, 1.00, 1.00, 1.00, 1000, 1.00, 1.00, 1.00, 1.00, 1000, 0.45, 0.33, 0.35, 0.56, 0.4348, 0.00, 0.00, 0.00, 0.00, 0, 12, 973519:1010812:980277:1010793:1003595:1010728:1010825:1010952:1010130:, 1, 9, 0.00, 0
b9, ci_n_ads.js, a05794c5d8394896bfeee8ca03e01dd2, 1010812, 1324579, 3173163, 0.09, 0.05, 0.35, 1.00, -0.2737, 6604, 251, 1857, 7663, 0.6404, 1.00, 1.00, 1.00, 1.00, 1000, 1.00, 1.00, 1.00, 1.00, 1000, 0.34, 0.33, 0.35, 0.56, -0.04348, 0.00, 0.00, 0.00, 0.00, 0, 12, 973519:1010812:980277:1010793:1003595:1010728:1010825:1010952:1010130:, 2, 9, 0.00, 0
d9, ci_n_ads.js, 3c6d5c59ff114a0eadac617d3c845837, 999837, 1308036, 3164379, 0.05, 0.05, 0.29, 0.80, -0.3200, 1754, 727, 2594, 6571, -0.1437, 1.00, 1.00, 1.00, 1.00, 1000, 1.00, 1.00, 1.00, 1.00, 1000, 1.97, 1.41, 1.97, 2.78, 0, 0.00, 0.00, 0.00, 0.00, 0, 12, 1007565:999837:, 2, 2, 0.00, 0
auctionexpr, ci_n_ads.js, efd0c18a2f1748ac878a3b572d2bbe19, 1007924, 1319599, 3170742, 0.86, 0.05, 0.38, 1.50, 0.3310, 3131, 919, 3032, 7718, 0.01456, 1.63, 1.60, 1.79, 2.64, -0.1538, 6.12, 5.16, 6.32, 9.84, -0.04274, 0.00, 0.00, 0.00, 0.00, 0, 0.00, 0.00, 0.00, 0.00, 0, 12, 1010324:1008279:1007924, 3, 3, 0.00, 0
auctionexpr, ci_n_ads.js, f379a68071794781ae9d217c06489d9d, 1010127, 1324338, 3172521, 0.60, 0.05, 0.29, 0.60, 0.5636, 3245, 270, 2298, 6571, 0.1503, 1.62, 1.33, 1.96, 2.98, -0.2061, 6.16, 4.22, 6.06, 8.57, 0.02299, 0.00, 0.00, 0.00, 0.00, 0, 0.00, 0.00, 0.00, 0.00, 0, 12, 1010127:1009795, 1, 2, 0.00, 0
a9, ci_n_ads.js, d18cd9f3cc2b4019af883657e10e5f03, 994545, 1312405, 3166414, 0.70, 0.05, 0.39, 2.00, 0.1590, 2036, 248, 2296, 8869, -0.03016, 1.00, 1.00, 1.00, 1.00, 1000, 1.00, 1.00, 1.00, 1.00, 1000, 0.00, 0.00, 0.12, 0.45, -0.2667, 2.25, 0.00, 2.90, 9.21, -0.07058, 12, 1010762:1010152:1010043:1001536:992855:791775:994545:973491:1006305:, 7, 9, 0.00, 0
c9, ci_n_ads.js, e572ea251f2141de9ae63b486ecbbb9a, 997563, 1300332, 3157489, 0.63, 0.05, 0.35, 0.90, 0.3294, 1999, 312, 3198, 8251, -0.1510, 1.00, 1.00, 1.00, 1.00, 1000, 1.00, 1.00, 1.00, 1.00, 1000, 0.28, 0.28, 0.31, 0.44, -0.1875, 0.00, 0.00, 0.00, 0.00, 0, 12, 997563:1009967:1010818:, 1, 3, 0.00, 0
auctionexpr, ci_n_ads.js, 2c39063051074886bf1d632978b54df2, 1009534, 1322260, 3171936, 0.60, 0.05, 0.31, 0.71, 0.4394, 2759, 408, 1775, 3314, 0.3386, 0.33, 0.31, 0.35, 0.60, -0.06897, 7.02, 4.28, 6.01, 8.12, 0.2630, 0.00, 0.00, 0.00, 0.00, 0, 0.00, 0.00, 0.00, 0.00, 0, 12, 1009534:1010060, 1, 2, 0.48, 1
b9, ci_n_ads.js, ba5a291ded3643e98b48f0f2403b01f2, 1000974, 1307943, 3163654, 0.40, 0.05, 0.32, 0.80, 0.1067, 1562, 425, 1860, 5652, -0.05701, 1.00, 1.00, 1.00, 1.00, 1000, 1.00, 1.00, 1.00, 1.00, 1000, 5.85, 2.82, 4.36, 5.85, 0.4917, 0.00, 0.00, 0.00, 0.00, 0, 12, 1008961:1000974, 2, 2, 0.00, 0
e9, ci_n_ads.js, 5a13980e43874339b59e6c87a87a41e7, 1005922, 1323536, 3168814, 0.82, 0.05, 0.34, 0.90, 0.5647, 1604, 396, 3245, 12664, -0.1338, 1.00, 1.00, 1.00, 1.00, 1000, 1.00, 1.00, 1.00, 1.00, 1000, 0.32, 0.30, 0.37, 0.58, -0.1786, 0.00, 0.00, 0.00, 0.00, 0, 13, 993356:1007924:1005922:, 3, 3, 0.76, 1
e9, ci_n_ads.js, 98e1afbb5abd471f98693675401c0085, 1010557, 1324109, 3172924, 1.00, 0.05, 0.35, 1.00, 0.6842, 1226, 249, 1695, 13203, -0.03621, 1.00, 1.00, 1.00, 1.00, 1000, 1.00, 1.00, 1.00, 1.00, 1000, 0.25, 0.25, 0.29, 0.63, -0.1053, 0.00, 0.00, 0.00, 0.00, 0, 13, 1008279:1010557:1010528:1010324:1007924:1005922, 2, 6, 0.00, 0
b9, ci_n_ads.js, 2086f5456a624f87be8b0a776c5e2dba, 1010975, 1324761, 3173279, 0.45, 0.05, 0.33, 0.70, 0.1846, 12397, 906, 3699, 12397, 0.7569, 1.00, 1.00, 1.00, 1.00, 1000, 1.00, 1.00, 1.00, 1.00, 1000, 1.62, 1.21, 1.59, 1.88, 0.04478, 0.00, 0.00, 0.00, 0.00, 0, 13, 1010975:729014:996588:, 1, 3, 0.00, 0
e9, ci_n_ads.js, d3e0f75d66114930bf4fd5285c97f980, 1008279, 1320104, 3170954, 1.00, 0.05, 0.36, 1.00, 0.6737, 1802, 240, 2098, 8075, -0.03778, 1.00, 1.00, 1.00, 1.00, 1000, 1.00, 1.00, 1.00, 1.00, 1000, 0.19, 0.19, 0.21, 0.55, -0.05556, 0.00, 0.00, 0.00, 0.00, 0, 13, 1010557:1008279:1010528:993356:1007924:1005922:1000180:1010685:1009049:, 2, 9, 0.00, 0
e9, ci_n_ads.js, d3e0f75d66114930bf4fd5285c97f980, 1005922, 1317261, 3168814, 0.82, 0.05, 0.36, 1.00, 0.4842, 1487, 240, 2098, 8075, -0.07798, 1.00, 1.00, 1.00, 1.00, 1000, 1.00, 1.00, 1.00, 1.00, 1000, 0.19, 0.19, 0.21, 0.55, -0.05556, 0.00, 0.00, 0.00, 0.00, 0, 13, 1010557:1008279:1010528:993356:1007924:1005922:1000180:1010685:1009049:, 6, 9, 0.00, 0
auctionexpr, ci_n_ads.js, 88153de70c7c44d9bab477bad9d4f8d2, 1011058, 1324924, 3173361, 0.50, 0.05, 0.31, 0.80, 0.2533, 4000, 805, 2466, 5638, 0.3174, 4.12, 2.48, 3.25, 4.36, 0.4628, 8.67, 5.58, 6.89, 8.81, 0.5511, 0.00, 0.00, 0.00, 0.00, 0, 0.00, 0.00, 0.00, 0.00, 0, 13, 1010105:1011058, 2, 2, 0.46, 1
c9, ci_n_ads.js, 062df1c2a1bc4928b9296bb0feb4a41e, 1010861, 1324636, 3173212, 0.52, 0.05, 0.37, 1.00, 0.1579, 4000, 236, 2071, 7716, 0.2579, 1.00, 1.00, 1.00, 1.00, 1000, 1.00, 1.00, 1.00, 1.00, 1000, 0.37, 0.26, 0.48, 2.74, -0.04435, 0.00, 0.00, 0.00, 0.00, 0, 14, 1010670:1003599:1010986:1010861:1005922:1009772:1000772:980277:1000180:, 4, 9, 0.00, 0
auctionexpr, ci_n_ads.js, 3494058af4454bf88e84961819054ad3, 1010105, 1323512, 3172442, 0.80, 0.05, 0.30, 0.82, 0.6494, 1734, 711, 2837, 8065, -0.1500, 0.65, 0.30, 0.44, 0.88, 0.3621, 5.64, 3.11, 4.80, 9.76, 0.1263, 0.00, 0.00, 0.00, 0.00, 0, 0.00, 0.00, 0.00, 0.00, 0, 14, 1010105:1010432:1000093, 1, 3, 0.00, 0
auctionexpr, ci_n_ads.js, 441b4f3a98b245be9b64483a1b889974, 1008279, 1320104, 3170954, 1.00, 0.05, 0.43, 1.50, 0.3931, 1806, 254, 1713, 7660, 0.01256, 0.29, 0.22, 0.27, 0.48, 0.07692, 4.84, 3.69, 4.63, 8.55, 0.04321, 0.00, 0.00, 0.00, 0.00, 0, 0.00, 0.00, 0.00, 0.00, 0, 14, 1010324:1008279:1007924:1010557:1010127:1008486:993356:1009667:1008186:, 2, 9, 0.00, 0
auctionexpr, ci_n_ads.js, 441b4f3a98b245be9b64483a1b889974, 1009667, 1323406, 3172204, 0.60, 0.05, 0.43, 1.50, 0.1172, 4007, 254, 1713, 7660, 0.3097, 0.28, 0.22, 0.27, 0.48, 0.03846, 5.96, 3.69, 4.63, 8.55, 0.2737, 0.00, 0.00, 0.00, 0.00, 0, 0.00, 0.00, 0.00, 0.00, 0, 14, 1010324:1008279:1007924:1010557:1010127:1008486:993356:1009667:1008186:, 8, 9, 0.00, 0
auctionexpr, ci_n_ads.js, d8e0ad38458f40ad950fa0951d174bc2, 1006987, 1320516, 3169905, 0.45, 0.05, 0.31, 0.85, 0.1750, 3607, 181, 2330, 17729, 0.07277, 1.31, 0.46, 0.77, 5.43, 0.1087, 3.52, 1.26, 2.25, 7.42, 0.2062, 0.00, 0.00, 0.00, 0.00, 0, 0.00, 0.00, 0.00, 0.00, 0, 14, 1010105:1009646:1005912:1000093:1010367:1010666:1006987:1010432:992356:, 7, 9, 0.00, 0
b9, ci_n_ads.js, 2935db97bcfb4a84859e47971bf5d954, 973519, 1256134, 3107122, 0.05, 0.05, 0.34, 1.00, -0.3053, 7660, 251, 1912, 7660, 0.7758, 1.00, 1.00, 1.00, 1.00, 1000, 1.00, 1.00, 1.00, 1.00, 1000, 0.30, 0.22, 0.24, 0.43, 0.2857, 0.00, 0.00, 0.00, 0.00, 0, 14, 973519:1010812:980277:1010952:1003595:1010841:1010877:1010130:992395:, 1, 9, 0.00, 0
b9, ci_n_ads.js, 2935db97bcfb4a84859e47971bf5d954, 1010877, 1324652, 3173228, 0.45, 0.05, 0.34, 1.00, 0.1158, 4000, 251, 1912, 7660, 0.2818, 1.00, 1.00, 1.00, 1.00, 1000, 1.00, 1.00, 1.00, 1.00, 1000, 0.24, 0.22, 0.24, 0.43, 0, 0.00, 0.00, 0.00, 0.00, 0, 14, 973519:1010812:980277:1010952:1003595:1010841:1010877:1010130:992395:, 7, 9, 0.00, 0
auctionexpr, ci_n_ads.js, 92f2d3fad0a142f681d6bd568bd993e3, 1010105, 1323512, 3172448, 0.80, 0.05, 0.31, 0.80, 0.6533, 1565, 798, 2917, 7367, -0.2058, 2.88, 2.66, 3.21, 4.14, -0.2230, 5.81, 5.44, 6.83, 9.88, -0.2297, 0.00, 0.00, 0.00, 0.00, 0, 0.00, 0.00, 0.00, 0.00, 0, 15, 1011058:1010105, 2, 2, 0.00, 0
auctionexpr, ci_n_ads.js, 259edb042a944e1aa4233a24f3f6b3be, 1003597, 1312702, 3166684, 0.50, 0.05, 0.33, 0.70, 0.2615, 9938, 506, 4645, 16072, 0.3400, 2.19, 0.87, 1.29, 2.89, 0.4455, 7.59, 3.34, 4.74, 8.18, 0.5888, 0.00, 0.00, 0.00, 0.00, 0, 0.00, 0.00, 0.00, 0.00, 0, 15, 1010666:1011056:1003597:1011029:1010869:1009667, 3, 6, 0.00, 0
c9, ci_n_ads.js, fde5e92d5ea2483aa986c95676ccdfc3, 1010015, 1323323, 3172339, 0.31, 0.05, 0.34, 1.00, -0.03158, 946, 243, 2067, 7716, -0.1500, 1.00, 1.00, 1.00, 1.00, 1000, 1.00, 1.00, 1.00, 1.00, 1000, 0.21, 0.20, 0.24, 0.73, -0.05660, 0.00, 0.00, 0.00, 0.00, 0, 15, 1010796:997817:1001741:992352:1000379:1006513:1010015:995891:1008486:, 7, 9, 0.00, 0
a9, ci_n_ads.js, 6af2fde8a9c043b88ccbf968c9030bde, 1010268, 1323725, 3172604, 0.30, 0.05, 0.34, 1.00, -0.04211, 575, 243, 1829, 5887, -0.2222, 1.00, 1.00, 1.00, 1.00, 1000, 1.00, 1.00, 1.00, 1.00, 1000, 0.50, 0.26, 0.32, 0.52, 0.6923, 0.00, 0.00, 0.00, 0.00, 0, 15, 1010774:1006305:1010853:1006513:992395:1010152:737426:1002359:1010268:, 9, 9, 0.00, 0
a9, ci_n_ads.js, 1c8dc5fc66394aa3a73a6c1e3d889b19, 1003313, 1322620, 3172278, 0.30, 0.05, 0.36, 0.70, -0.09231, 946, 506, 2702, 5688, -0.3389, 1.00, 1.00, 1.00, 1.00, 1000, 1.00, 1.00, 1.00, 1.00, 1000, 0.31, 0.23, 0.30, 0.71, 0.02083, 0.00, 0.00, 0.00, 0.00, 0, 15, 1009990:1009789:1003313, 3, 3, 0.00, 0
c9, ci_n_ads.js, 1590116279ce48359b8c59a3f0d29910, 1009772, 1322830, 3172135, 0.45, 0.05, 0.31, 0.60, 0.2545, 608, 249, 2416, 13186, -0.1398, 1.00, 1.00, 1.00, 1.00, 1000, 1.00, 1.00, 1.00, 1.00, 1000, 1.04, 0.89, 1.55, 3.61, -0.1875, 0.00, 0.00, 0.00, 0.00, 0, 15, 1005913:979336:1009772:, 3, 3, 0.00, 0
a9, ci_n_ads.js, 819e817910ec4f6c979d90a531aaed80, 980270, 1299229, 3115784, 0.05, 0.05, 0.36, 1.00, -0.3263, 4475, 240, 1760, 5647, 0.5021, 1.00, 1.00, 1.00, 1.00, 1000, 1.00, 1.00, 1.00, 1.00, 1000, 1.80, 1.03, 1.33, 3.44, 0.1950, 0.00, 0.00, 0.00, 0.00, 0, 15, 1010754:1001536:980270:1009049:1000717:1010845:1010324:1010044:1010607:, 3, 9, 0.00, 0
auctionexpr, ci_n_ads.js, 9991c36ab2054c8c8096f608af364f14, 1011090, 1324957, 3173391, 1.00, 0.05, 0.34, 1.00, 0.6947, 22219, 286, 2633, 22219, 0.8930, 2.56, 2.13, 2.50, 3.92, 0.03352, 8.78, 4.34, 5.15, 8.78, 0.8176, 0.00, 0.00, 0.00, 0.00, 0, 0.00, 0.00, 0.00, 0.00, 0, 16, 1011090:1008451:1007924:985868:1009990:1003601:, 1, 6, 0.00, 0
auctionexpr, ci_n_ads.js, 9991c36ab2054c8c8096f608af364f14, 1009990, 1323245, 3172306, 0.70, 0.05, 0.34, 1.00, 0.3789, 2756, 286, 2633, 22219, 0.005608, 2.54, 2.13, 2.50, 3.92, 0.02235, 5.25, 4.34, 5.15, 8.78, 0.02252, 0.00, 0.00, 0.00, 0.00, 0, 0.00, 0.00, 0.00, 0.00, 0, 16, 1011090:1008451:1007924:985868:1009990:1003601:, 5, 6, 0.00, 0
auctionexpr, ci_n_ads.js, ed7fe036a06f48738458853f50a2ad19, 1009990, 1323245, 3172313, 0.70, 0.05, 0.42, 1.50, 0.1931, 2381, 177, 1626, 22219, 0.03425, 0.19, 0.16, 0.20, 0.42, -0.03846, 3.33, 2.79, 3.39, 7.35, -0.01316, 0.00, 0.00, 0.00, 0.00, 0, 0.00, 0.00, 0.00, 0.00, 0, 16, 1008486:1010324:1008186:993356:1007924:1009667:1010127:1009990:1009049:, 8, 9, 0.00, 0
c9, ci_n_ads.js, c4230b637e5f42018f10eab118099df0, 1009527, 1323019, 3171925, 0.15, 0.05, 0.41, 1.10, -0.2476, 1674, 372, 2565, 12797, -0.07171, 1.00, 1.00, 1.00, 1.00, 1000, 1.00, 1.00, 1.00, 1.00, 1000, 0.32, 0.29, 0.90, 3.91, -0.1602, 0.00, 0.00, 0.00, 0.00, 0, 16, 1000717:736820:1009527:, 3, 3, 0.00, 0
d9, ci_n_ads.js, 36fdad15d5b9435093235d16063da159, 1011088, 1324946, 3173383, 0.87, 0.05, 0.43, 1.00, 0.4632, 4619, 684, 2770, 5899, 0.3546, 1.00, 1.00, 1.00, 1.00, 1000, 1.00, 1.00, 1.00, 1.00, 1000, 2.82, 1.53, 1.97, 3.25, 0.4942, 0.00, 0.00, 0.00, 0.00, 0, 16, 1007922:738642:1011088:, 3, 3, 0.00, 0
a9, ci_n_ads.js, a5abd46b7a9e40d4a466e129413caef0, 1010607, 1324256, 3172947, 0.39, 0.05, 0.34, 1.00, 0.05263, 305, 121, 1793, 16355, -0.09166, 1.00, 1.00, 1.00, 1.00, 1000, 1.00, 1.00, 1.00, 1.00, 1000, 0.26, 0.22, 0.27, 0.57, -0.02857, 0.00, 0.00, 0.00, 0.00, 0, 17, 1000379:1007924:1010607:1009049:1001536:1010816:1011090:1009967:1010152, 3, 9, 0.00, 0
auctionexpr, ci_n_ads.js, 85d3d1f87de6459381b2c9950f3844a7, 1010105, 1323512, 3172448, 0.80, 0.05, 0.40, 1.00, 0.4211, 1575, 392, 2088, 8845, -0.06069, 4.61, 2.03, 3.22, 4.61, 0.5388, 6.71, 4.39, 5.89, 10.00, 0.1462, 0.00, 0.00, 0.00, 0.00, 0, 0.00, 0.00, 0.00, 0.00, 0, 17, 1011090:1010105, 2, 2, 0.65, 1
auctionexpr, ci_n_ads.js, a38db0ee8cbb431f9865e29b35ea3b33, 1011089, 1324951, 3173386, 0.87, 0.05, 0.38, 0.87, 0.5976, 5736, 344, 2933, 8682, 0.3362, 0.94, 0.75, 1.06, 1.89, -0.1053, 6.41, 4.13, 5.40, 7.96, 0.2637, 0.00, 0.00, 0.00, 0.00, 0, 0.00, 0.00, 0.00, 0.00, 0, 17, 1011092:1011089:1009990, 2, 3, 0.00, 0
auctionexpr, ci_n_ads.js, a38db0ee8cbb431f9865e29b35ea3b33, 1009990, 1323245, 3172307, 0.70, 0.05, 0.38, 0.87, 0.3902, 2122, 344, 2933, 8682, -0.09727, 1.52, 0.75, 1.06, 1.89, 0.4035, 6.21, 4.13, 5.40, 7.96, 0.2115, 0.00, 0.00, 0.00, 0.00, 0, 0.00, 0.00, 0.00, 0.00, 0, 17, 1011092:1011089:1009990, 3, 3, 0.00, 0
d9, ci_n_ads.js, eda37b1b2f04421b9930be4156bd40b8, 999837, 1308036, 3164379, 0.05, 0.05, 0.13, 1.00, -0.08421, 1753, 412, 1505, 9201, 0.02822, 1.00, 1.00, 1.00, 1.00, 1000, 1.00, 1.00, 1.00, 1.00, 1000, 3.19, 3.02, 3.14, 3.91, 0.05618, 0.00, 0.00, 0.00, 0.00, 0, 17, 735923:999837:, 2, 2, 0.00, 0
auctionexpr, ci_n_ads.js, 35a8c86751c945e3abd2fa4a9c1f57f7, 1011090, 1324957, 3173391, 1.00, 0.05, 0.39, 1.50, 0.4207, 13956, 120, 1810, 13956, 0.8779, 0.23, 0.16, 0.21, 0.55, 0.05128, 6.78, 2.49, 3.10, 6.78, 0.8578, 0.00, 0.00, 0.00, 0.00, 0, 0.00, 0.00, 0.00, 0.00, 0, 18, 1011090:1010324:1011092:1010666:993356:1008186:1010557:1007924:1000180:, 1, 9, 0.00, 0
auctionexpr, ci_n_ads.js, 35a8c86751c945e3abd2fa4a9c1f57f7, 1011092, 1324959, 3173400, 0.76, 0.05, 0.39, 1.50, 0.2552, 5378, 120, 1810, 13956, 0.2579, 0.26, 0.16, 0.21, 0.55, 0.1282, 4.74, 2.49, 3.10, 6.78, 0.3823, 0.00, 0.00, 0.00, 0.00, 0, 0.00, 0.00, 0.00, 0.00, 0, 18, 1011090:1010324:1011092:1010666:993356:1008186:1010557:1007924:1000180:, 3, 9, 0.00, 0
auctionexpr, ci_n_ads.js, 35a8c86751c945e3abd2fa4a9c1f57f7, 1010557, 1324109, 3172924, 1.00, 0.05, 0.39, 1.50, 0.4207, 1169, 120, 1810, 13956, -0.04633, 0.20, 0.16, 0.21, 0.55, -0.02564, 2.79, 2.49, 3.10, 6.78, -0.07226, 0.00, 0.00, 0.00, 0.00, 0, 0.00, 0.00, 0.00, 0.00, 0, 18, 1011090:1010324:1011092:1010666:993356:1008186:1010557:1007924:1000180:, 7, 9, 0.00, 0
d9, ci_n_ads.js, 4daa2acbf9fa4dd8b9a0a21fe382bc03, 996838, 1301281, 3158121, 0.05, 0.05, 0.32, 1.00, -0.2842, 626, 120, 1714, 13956, -0.07864, 1.00, 1.00, 1.00, 1.00, 1000, 1.00, 1.00, 1.00, 1.00, 1000, 2.03, 1.76, 2.07, 2.77, -0.03960, 0.00, 0.00, 0.00, 0.00, 0, 18, 1001533:1000379:1009772:737575:1006513:1010557:996838:1010193:1010766:, 7, 9, 0.05, 1
d9, ci_n_ads.js, 69ba9a37795d475481e489290a406d4a, 1010438, 1324059, 3172813, 0.48, 0.05, 0.40, 1.00, 0.08421, 1341, 781, 2631, 7453, -0.1933, 1.00, 1.00, 1.00, 1.00, 1000, 1.00, 1.00, 1.00, 1.00, 1000, 3.46, 2.64, 3.61, 4.80, -0.06944, 0.00, 0.00, 0.00, 0.00, 0, 18, 1010438:738659:, 1, 2, 0.21, 1
auctionexpr, ci_n_ads.js, e7074bb610804a089bed49fb952db404, 1011058, 1324924, 3173361, 0.50, 0.05, 0.40, 1.00, 0.1053, 4718, 390, 1955, 7453, 0.3912, 4.76, 2.74, 4.88, 5.89, -0.03810, 7.97, 4.86, 6.51, 9.70, 0.3017, 0.00, 0.00, 0.00, 0.00, 0, 0.00, 0.00, 0.00, 0.00, 0, 18, 1010127:1011058, 2, 2, 0.48, 1
auctionexpr, ci_n_ads.js, f3212a81fb9146aea1ebd8c6a8f1af3f, 1010324, 1323859, 3172928, 1.10, 0.05, 0.34, 1.50, 0.5241, 2228, 225, 1490, 7044, 0.1082, 0.26, 0.24, 0.30, 0.50, -0.1538, 4.67, 3.44, 4.71, 8.07, -0.008639, 0.00, 0.00, 0.00, 0.00, 0, 0.00, 0.00, 0.00, 0.00, 0, 18, 1010520:1010324:993356:1000180:1010127:1010992:, 2, 6, 1.05, 1
auctionexpr, ci_n_ads.js, f3212a81fb9146aea1ebd8c6a8f1af3f, 1010127, 1323587, 3172519, 0.60, 0.05, 0.34, 1.50, 0.1793, 2759, 225, 1490, 7044, 0.1861, 0.27, 0.24, 0.30, 0.50, -0.1154, 5.11, 3.44, 4.71, 8.07, 0.08639, 0.00, 0.00, 0.00, 0.00, 0, 0.00, 0.00, 0.00, 0.00, 0, 18, 1010520:1010324:993356:1000180:1010127:1010992:, 5, 6, 0.00, 0
b9, ci_n_ads.js, 85a4fbd7087e4f08bd722cff624a0848, 1011060, 1324926, 3173363, 0.50, 0.05, 0.19, 0.50, 0.6889, 6745, 597, 1831, 6745, 0.7993, 1.00, 1.00, 1.00, 1.00, 1000, 1.00, 1.00, 1.00, 1.00, 1000, 2.71, 2.71, 2.72, 2.93, -0.04545, 0.00, 0.00, 0.00, 0.00, 0, 18, 1011060:1011006, 1, 2, 0.46, 1
c9, ci_n_ads.js, e2d2b35b7ac94b0c915ea81965f8bd94, 1009779, 1322861, 3172142, 0.39, 0.05, 0.27, 0.60, 0.2182, 455, 225, 2138, 7044, -0.2468, 1.00, 1.00, 1.00, 1.00, 1000, 1.00, 1.00, 1.00, 1.00, 1000, 1.90, 1.90, 2.00, 2.78, -0.1136, 0.00, 0.00, 0.00, 0.00, 0, 18, 735482:1009779:, 2, 2, 0.11, 1
auctionexpr, ci_n_ads.js, 234ca72a2bd54fe7a586a3d53c6c6172, 737575, 1240090, 3104176, 0.35, 0.05, 0.23, 0.60, 0.2182, 1863, 1075, 3156, 5620, -0.2845, 2.03, 1.59, 2.42, 4.62, -0.1287, 5.17, 5.10, 6.49, 7.31, -0.5973, 0.00, 0.00, 0.00, 0.00, 0, 0.00, 0.00, 0.00, 0.00, 0, 18, 1010955:737575:, 2, 2, 0.00, 0
d9, ci_n_ads.js, 9fe0bd4898a14f6687e0e77d0538d6b6, 1010811, 1324578, 3173162, 0.09, 0.05, 0.32, 0.76, -0.3239, 4108, 577, 2877, 5748, 0.2381, 1.00, 1.00, 1.00, 1.00, 1000, 1.00, 1.00, 1.00, 1.00, 1000, 0.40, 0.25, 0.33, 0.44, 0.3684, 0.00, 0.00, 0.00, 0.00, 0, 18, 1010811:1011001:980277:, 1, 3, 0.09, 1
c9, ci_n_ads.js, 6361592dc3c44ec3b2eec3e64c7433e6, 1011031, 1324876, 3173335, 0.45, 0.05, 0.37, 0.80, 0.1067, 4000, 778, 2428, 4718, 0.3990, 1.00, 1.00, 1.00, 1.00, 1000, 1.00, 1.00, 1.00, 1.00, 1000, 2.17, 1.45, 1.74, 2.17, 0.5972, 0.00, 0.00, 0.00, 0.00, 0, 19, 999837:1011031:, 2, 2, 0.00, 0
auctionexpr, ci_n_ads.js, d82527aa18f049be8d3a1a4b38701726, 1011092, 1324959, 3173400, 0.76, 0.05, 0.39, 1.50, 0.2552, 4563, 149, 1559, 5628, 0.5483, 0.18, 0.15, 0.20, 0.40, -0.08000, 6.24, 3.09, 4.31, 8.23, 0.3755, 0.00, 0.00, 0.00, 0.00, 0, 0.00, 0.00, 0.00, 0.00, 0, 19, 1010324:1011092:1003432:1008526:1010957:1008186:1010436:1007922:1009990, 2, 9, 0.00, 0
auctionexpr, ci_n_ads.js, d82527aa18f049be8d3a1a4b38701726, 1008186, 1319991, 3170896, 0.45, 0.05, 0.39, 1.50, 0.04138, 2943, 149, 1559, 5628, 0.2526, 0.40, 0.15, 0.20, 0.40, 0.8000, 8.09, 3.09, 4.31, 8.23, 0.7354, 0.00, 0.00, 0.00, 0.00, 0, 0.00, 0.00, 0.00, 0.00, 0, 19, 1010324:1011092:1003432:1008526:1010957:1008186:1010436:1007922:1009990, 6, 9, 0.45, 1
auctionexpr, ci_n_ads.js, d82527aa18f049be8d3a1a4b38701726, 1007922, 1319594, 3172984, 1.00, 0.05, 0.39, 1.50, 0.4207, 856, 149, 1559, 5628, -0.1283, 0.19, 0.15, 0.20, 0.40, -0.04000, 3.66, 3.09, 4.31, 8.23, -0.1265, 0.00, 0.00, 0.00, 0.00, 0, 0.00, 0.00, 0.00, 0.00, 0, 19, 1010324:1011092:1003432:1008526:1010957:1008186:1010436:1007922:1009990, 8, 9, 0.00, 0
auctionexpr, ci_n_ads.js, 77c8247b5da94e3f8c9cf2de7dcfcbd1, 1010955, 1324955, 3173389, 0.60, 0.05, 0.35, 0.80, 0.3333, 3170, 571, 2577, 4100, 0.1680, 3.75, 1.78, 2.82, 3.87, 0.4450, 9.00, 5.24, 7.51, 9.74, 0.3311, 0.00, 0.00, 0.00, 0.00, 0, 0.00, 0.00, 0.00, 0.00, 0, 19, 1010955:1011061, 1, 2, 0.00, 0
b9, ci_n_ads.js, a40c539609df44068e9fe79d7910c272, 1011060, 1324926, 3173363, 0.50, 0.05, 0.19, 0.50, 0.6889, 7230, 597, 1843, 7230, 0.8122, 1.00, 1.00, 1.00, 1.00, 1000, 1.00, 1.00, 1.00, 1.00, 1000, 2.97, 2.96, 2.98, 3.20, -0.04167, 0.00, 0.00, 0.00, 0.00, 0, 20, 1011060:1010980, 1, 2, 0.46, 1
auctionexpr, ci_n_ads.js, f8e2c56c6fdd4a78ad5a855011842bb0, 1010957, 1324970, 3173409, 0.89, 0.05, 0.34, 0.89, 0.6548, 261, 229, 2996, 7471, -0.3777, 1.40, 1.28, 1.60, 2.05, -0.2597, 4.86, 4.84, 6.71, 8.49, -0.5068, 0.00, 0.00, 0.00, 0.00, 0, 0.00, 0.00, 0.00, 0.00, 0, 20, 1010957:1009990:1010324, 1, 3, 0.89, 1
auctionexpr, ci_n_ads.js, 7566b69dfff8462d8db50e55d02524d2, 1011004, 1324790, 3173308, 0.45, 0.05, 0.32, 0.80, 0.1733, 4000, 768, 2487, 4931, 0.3634, 3.32, 1.40, 2.38, 3.87, 0.3806, 8.78, 4.75, 6.54, 9.54, 0.4676, 0.00, 0.00, 0.00, 0.00, 0, 0.00, 0.00, 0.00, 0.00, 0, 20, 1011004:1010105, 1, 2, 0.45, 1
auctionexpr, ci_n_ads.js, 185bf3070c1c4e15820fb68aa98fd6b4, 1011058, 1324924, 3173361, 0.50, 0.05, 0.30, 0.80, 0.2667, 4931, 768, 2654, 5622, 0.4691, 3.95, 1.57, 2.72, 4.60, 0.4059, 9.08, 4.66, 6.36, 9.08, 0.6154, 0.00, 0.00, 0.00, 0.00, 0, 0.00, 0.00, 0.00, 0.00, 0, 20, 1011058:1010105, 1, 2, 0.39, 1
a9, ci_n_ads.js, d0bcce961c8749bfbae882fcb8ddd789, 737426, 1267372, 3158610, 0.15, 0.05, 0.31, 0.89, -0.1905, 1971, 126, 1622, 5675, 0.06289, 1.00, 1.00, 1.00, 1.00, 1000, 1.00, 1.00, 1.00, 1.00, 1000, 0.29, 0.16, 0.20, 0.29, 0.6923, 0.00, 0.00, 0.00, 0.00, 0, 20, 1010758:737426:979336:737575:982788:1010193:992352:1010957:1008186:, 2, 9, 0.00, 0
a9, ci_n_ads.js, d0bcce961c8749bfbae882fcb8ddd789, 992352, 1309195, 3167337, 0.50, 0.05, 0.31, 0.89, 0.2262, 768, 126, 1622, 5675, -0.1539, 1.00, 1.00, 1.00, 1.00, 1000, 1.00, 1.00, 1.00, 1.00, 1000, 0.20, 0.16, 0.20, 0.29, 0, 0.00, 0.00, 0.00, 0.00, 0, 20, 1010758:737426:979336:737575:982788:1010193:992352:1010957:1008186:, 7, 9, 0.00, 0
a9, ci_n_ads.js, d0bcce961c8749bfbae882fcb8ddd789, 1010957, 1324967, 3173409, 0.89, 0.05, 0.31, 0.89, 0.6905, 270, 126, 1622, 5675, -0.2436, 1.00, 1.00, 1.00, 1.00, 1000, 1.00, 1.00, 1.00, 1.00, 1000, 0.25, 0.16, 0.20, 0.29, 0.3846, 0.00, 0.00, 0.00, 0.00, 0, 20, 1010758:737426:979336:737575:982788:1010193:992352:1010957:1008186:, 8, 9, 0.00, 0
auctionexpr, ci_n_ads.js, 5098d81bdc054ca3965ca7ba47b23128, 1010957, 1324970, 3173409, 0.89, 0.05, 0.36, 1.50, 0.3655, 253, 123, 1547, 5622, -0.2353, 3.00, 1.27, 1.84, 4.68, 0.3402, 4.96, 3.00, 4.60, 8.23, 0.06883, 0.00, 0.00, 0.00, 0.00, 0, 0.00, 0.00, 0.00, 0.00, 0, 20, 1010324:1011092:1010666:1010957:1000118:1010434:1008186:1009534:1009169, 4, 9, 0.00, 0
auctionexpr, ci_n_ads.js, e6888f47fd8f486688e7c7560fea1fa8, 1011058, 1324924, 3173361, 0.50, 0.05, 0.38, 0.80, 0.1600, 5193, 639, 1899, 5622, 0.6610, 2.40, 1.04, 2.53, 3.69, -0.04906, 8.45, 4.51, 6.18, 8.45, 0.5761, 0.00, 0.00, 0.00, 0.00, 0, 0.00, 0.00, 0.00, 0.00, 0, 20, 1010127:1011058, 2, 2, 0.00, 0
auctionexpr, ci_n_ads.js, bba15c085f244d95b75603b4d07f5020, 1011056, 1324922, 3173359, 0.50, 0.05, 0.38, 0.76, 0.1690, 8602, 898, 4628, 10055, 0.4340, 2.39, 1.63, 2.09, 2.39, 0.3947, 9.42, 5.86, 7.36, 10.00, 0.4976, 0.00, 0.00, 0.00, 0.00, 0, 0.00, 0.00, 0.00, 0.00, 0, 20, 1011092:1011056, 2, 2, 0.48, 1
auctionexpr, ci_n_ads.js, 3b5b1e8497704befa081bc8f04a02545, 1011063, 1324929, 3173366, 0.50, 0.05, 0.37, 0.90, 0.1529, 4260, 639, 2782, 5622, 0.2966, 2.99, 2.11, 2.75, 4.78, 0.08989, 7.77, 4.75, 6.46, 8.64, 0.3368, 0.00, 0.00, 0.00, 0.00, 0, 0.00, 0.00, 0.00, 0.00, 0, 20, 1008451:1011063, 2, 2, 0.46, 1
b9, ci_n_ads.js, 6c120979e1ab47058b8639f588afa58a, 1010977, 1324763, 3173281, 0.45, 0.05, 0.24, 0.60, 0.3818, 9825, 257, 3048, 12134, 0.5706, 1.00, 1.00, 1.00, 1.00, 1000, 1.00, 1.00, 1.00, 1.00, 1000, 2.27, 1.68, 2.08, 3.49, 0.1050, 0.00, 0.00, 0.00, 0.00, 0, 20, 1011030:1010977:1011057:992418:738941:980277:, 2, 6, 0.00, 0
b9, ci_n_ads.js, 6c120979e1ab47058b8639f588afa58a, 980277, 1298145, 3115793, 0.05, 0.05, 0.24, 0.60, -0.3455, 5630, 257, 3048, 12134, 0.2174, 1.00, 1.00, 1.00, 1.00, 1000, 1.00, 1.00, 1.00, 1.00, 1000, 1.96, 1.68, 2.08, 3.49, -0.06630, 0.00, 0.00, 0.00, 0.00, 0, 20, 1011030:1010977:1011057:992418:738941:980277:, 6, 6, 0.00, 0
auctionexpr, ci_n_ads.js, ec316c2d159c424dad3e9880e9944da1, 1011060, 1324926, 3173363, 0.50, 0.05, 0.24, 0.60, 0.4727, 7527, 227, 1725, 7527, 0.7948, 2.43, 2.43, 2.60, 3.24, -0.2099, 9.12, 5.32, 6.23, 9.12, 0.7605, 0.00, 0.00, 0.00, 0.00, 0, 0.00, 0.00, 0.00, 0.00, 0, 21, 1011060:1010127, 1, 2, 0.45, 1
auctionexpr, ci_n_ads.js, d1fa04a05d5a442889b5df014fc5bee8, 1000625, 1307266, 3164772, 0.45, 0.05, 0.32, 0.90, 0.1529, 984, 372, 3296, 11541, -0.2070, 1.05, 0.35, 0.49, 1.07, 0.7778, 6.23, 2.80, 4.38, 7.31, 0.4102, 0.00, 0.00, 0.00, 0.00, 0, 0.00, 0.00, 0.00, 0.00, 0, 21, 1000625:1006804:1010356, 1, 3, 0.00, 0
auctionexpr, ci_n_ads.js, d1fa04a05d5a442889b5df014fc5bee8, 1006804, 1323816, 3169771, 0.60, 0.05, 0.32, 0.90, 0.3294, 2091, 372, 3296, 11541, -0.1079, 0.65, 0.35, 0.49, 1.07, 0.2222, 4.84, 2.80, 4.38, 7.31, 0.1020, 0.00, 0.00, 0.00, 0.00, 0, 0.00, 0.00, 0.00, 0.00, 0, 21, 1000625:1006804:1010356, 2, 3, 0.00, 0
auctionexpr, ci_n_ads.js, 47a779fe87824d9692a1145da974b802, 1010955, 1324955, 3173389, 0.60, 0.05, 0.25, 0.71, 0.5303, 2864, 255, 1047, 2868, 0.6954, 0.44, 0.24, 0.62, 3.67, -0.05248, 5.41, 1.18, 3.07, 7.51, 0.3697, 0.00, 0.00, 0.00, 0.00, 0, 0.00, 0.00, 0.00, 0.00, 0, 21, 1010955:1010127, 1, 2, 0.52, 1
c9, ci_n_ads.js, b0d878c3e29f42e78794d4d2f47a5bc3, 1009792, 1322929, 3172155, 0.39, 0.05, 0.36, 0.60, 0.05455, 696, 696, 2654, 5630, -0.3968, 1.00, 1.00, 1.00, 1.00, 1000, 1.00, 1.00, 1.00, 1.00, 1000, 3.02, 1.74, 2.73, 3.97, 0.1300, 0.00, 0.00, 0.00, 0.00, 0, 21, 1009792:1011058, 1, 2, 0.00, 0
e9, ci_n_ads.js, bf66445fac4d47b085519eff7f33f191, 1010980, 1324766, 3173284, 0.45, 0.05, 0.17, 0.50, 0.6222, 4000, 597, 1801, 7759, 0.3070, 1.00, 1.00, 1.00, 1.00, 1000, 1.00, 1.00, 1.00, 1.00, 1000, 3.25, 3.24, 3.26, 3.70, -0.02174, 0.00, 0.00, 0.00, 0.00, 0, 21, 1011060:1010980, 2, 2, 0.00, 0
auctionexpr, ci_n_ads.js, 1facb1d2532e4d40a53a1f52e874e4d3, 1010957, 1324970, 3173409, 0.89, 0.05, 0.33, 0.89, 0.6667, 272, 167, 1662, 5630, -0.2544, 0.26, 0.17, 0.22, 0.43, 0.1538, 3.99, 3.24, 4.45, 8.31, -0.09073, 0.00, 0.00, 0.00, 0.00, 0, 0.00, 0.00, 0.00, 0.00, 0, 21, 1010666:1010431:1008186:1010957:1009990:1000180:1009534:1008145:1009169, 4, 9, 0.00, 0
auctionexpr, ci_n_ads.js, becdd9a1e0384f96a32d82a5d3fea8cc, 1011046, 1324912, 3173349, 0.50, 0.05, 0.23, 0.50, 0.6000, 2150, 406, 1873, 17877, 0.01585, 2.47, 2.47, 2.57, 4.03, -0.06410, 5.10, 4.71, 5.13, 8.74, -0.007444, 0.00, 0.00, 0.00, 0.00, 0, 0.00, 0.00, 0.00, 0.00, 0, 21, 1010367:1011046, 2, 2, 0.00, 0
auctionexpr, ci_n_ads.js, 6920ddec9e5244fabec30ef678853f2d, 1011058, 1324924, 3173361, 0.50, 0.05, 0.36, 0.60, 0.2545, 4861, 638, 1998, 5626, 0.5740, 2.79, 1.88, 2.94, 4.28, -0.06250, 8.26, 4.88, 6.33, 8.26, 0.5710, 0.00, 0.00, 0.00, 0.00, 0, 0.00, 0.00, 0.00, 0.00, 0, 21, 1010127:1011058, 2, 2, 0.48, 1
auctionexpr, ci_n_ads.js, 73313e1425b2485c9ce285fb1fdf07df, 1000160, 1306484, 3162561, 0.70, 0.05, 0.38, 1.00, 0.3368, 1419, 160, 1542, 5626, -0.02250, 0.47, 0.18, 0.24, 0.47, 0.7931, 7.01, 3.22, 4.44, 8.25, 0.5109, 0.00, 0.00, 0.00, 0.00, 0, 0.00, 0.00, 0.00, 0.00, 0, 21, 1000160:1008526:1008186:1009253:1010436:1007922:1010957:1009990:1009052, 1, 9, 0.00, 0
b9, ci_n_ads.js, 75821ed8aaaf4334a96511874135ed75, 980277, 1298145, 3115793, 0.05, 0.05, 0.16, 0.35, -0.3667, 5629, 1075, 2946, 5629, 0.5892, 1.00, 1.00, 1.00, 1.00, 1000, 1.00, 1.00, 1.00, 1.00, 1000, 2.09, 2.09, 4.16, 8.99, -0.3000, 0.00, 0.00, 0.00, 0.00, 0, 21, 980277:737575:, 1, 2, 0.00, 0
auctionexpr, ci_n_ads.js, bfd627d2a0ca47fbb893dcae79794dc8, 1010430, 1323942, 3172801, 0.52, 0.05, 0.30, 0.70, 0.3385, 1918, 379, 3649, 11473, -0.1560, 0.52, 0.34, 0.43, 0.91, 0.1579, 4.57, 3.37, 4.59, 7.31, -0.005076, 0.00, 0.00, 0.00, 0.00, 0, 0.00, 0.00, 0.00, 0.00, 0, 21, 1006804:1010356:1010430, 3, 3, 0.51, 1
auctionexpr, ci_n_ads.js, 746d0278a9084facb832426d2aea95a5, 1010978, 1324764, 3173282, 0.45, 0.05, 0.33, 0.60, 0.2182, 4000, 1075, 2228, 5629, 0.3891, 2.16, 1.27, 1.82, 2.57, 0.2615, 8.26, 5.11, 6.42, 8.83, 0.4946, 0.00, 0.00, 0.00, 0.00, 0, 0.00, 0.00, 0.00, 0.00, 0, 22, 1011058:1010978, 2, 2, 0.00, 0
auctionexpr, ci_n_ads.js, 4d7e1ed7458745e48b1fda2d2ce35021, 1009971, 1323225, 3172287, 0.50, 0.05, 0.27, 0.80, 0.3067, 5573, 114, 2748, 7698, 0.3725, 0.47, 0.26, 0.33, 0.60, 0.4118, 7.80, 3.06, 5.05, 8.34, 0.5208, 0.00, 0.00, 0.00, 0.00, 0, 0.00, 0.00, 0.00, 0.00, 0, 22, 1009971:1010666:1009534, 1, 3, 0.5, 1
auctionexpr, ci_n_ads.js, 493e12c5835b4723b08fca6f684b30e4, 1010127, 1324338, 3172520, 0.60, 0.05, 0.37, 0.60, 0.4182, 2613, 637, 1786, 4794, 0.1989, 4.29, 1.95, 3.01, 4.29, 0.5470, 8.18, 5.07, 6.45, 8.81, 0.4626, 0.00, 0.00, 0.00, 0.00, 0, 0.00, 0.00, 0.00, 0.00, 0, 23, 1010127:1011058, 1, 2, 0.00, 0
auctionexpr, ci_n_ads.js, 08ae2a2142514f38b8b8f65096128f8f, 1009968, 1323219, 3172284, 0.50, 0.06, 0.34, 0.50, 0.3636, 736, 280, 1571, 13125, -0.06501, 0.65, 0.40, 0.48, 0.65, 0.6800, 6.22, 4.19, 5.18, 9.60, 0.1922, 0.00, 0.00, 0.00, 0.00, 0, 0.00, 0.00, 0.00, 0.00, 0, 23, 995036:1009968:1000625:, 2, 3, 0.5, 1
auctionexpr, ci_n_ads.js, e9035abe02ea427689a0ba6b46884ed0, 1011058, 1324924, 3173361, 0.50, 0.05, 0.37, 0.60, 0.2364, 5025, 636, 1793, 5025, 0.7364, 2.17, 1.51, 2.33, 3.33, -0.08791, 8.73, 4.88, 6.32, 8.73, 0.6260, 0.00, 0.00, 0.00, 0.00, 0, 0.00, 0.00, 0.00, 0.00, 0, 23, 1010127:1011058, 2, 2, 0.5, 1
d9, ci_n_ads.js, 386dd36126e14b3f95dc5f0c4b7d0ecf, 1011059, 1324925, 3173362, 0.50, 0.05, 0.38, 0.60, 0.2182, 4549, 690, 2087, 4902, 0.5845, 1.00, 1.00, 1.00, 1.00, 1000, 1.00, 1.00, 1.00, 1.00, 1000, 3.33, 1.23, 2.94, 4.37, 0.1242, 0.00, 0.00, 0.00, 0.00, 0, 23, 1011059:1011005, 1, 2, 0.46, 1
d9, ci_n_ads.js, 95f4185068e34186ada5280585d89438, 737443, 964598, 3162357, 0.10, 0.05, 0.08, 0.11, 0.3333, 853, 412, 1218, 2151, -0.2099, 1.00, 1.00, 1.00, 1.00, 1000, 1.00, 1.00, 1.00, 1.00, 1000, 4.11, 4.11, 4.13, 4.62, -0.03922, 0.00, 0.00, 0.00, 0.00, 0, 23, 737443:999837:, 1, 2, 0.1, 1
b9, ci_n_ads.js, 8f77aa659acb4e589e524d191715e249, 1011024, 1324846, 3173328, 0.45, 0.05, 0.29, 0.75, 0.2286, 4000, 175, 1839, 10356, 0.2123, 1.00, 1.00, 1.00, 1.00, 1000, 1.00, 1.00, 1.00, 1.00, 1000, 0.29, 0.18, 0.27, 0.68, 0.04000, 0.00, 0.00, 0.00, 0.00, 0, 23, 1009969:1010365:1010666:1009749:1011024:1010963:1011043:749407:736086:986054:738408:1009249:, 5, 12, 0.00, 0
b9, ci_n_ads.js, 8f77aa659acb4e589e524d191715e249, 1009249, 1321874, 3171754, 0.15, 0.05, 0.29, 0.75, -0.2000, 2915, 175, 1839, 10356, 0.1057, 1.00, 1.00, 1.00, 1.00, 1000, 1.00, 1.00, 1.00, 1.00, 1000, 0.23, 0.18, 0.27, 0.68, -0.08000, 0.00, 0.00, 0.00, 0.00, 0, 23, 1009969:1010365:1010666:1009749:1011024:1010963:1011043:749407:736086:986054:738408:1009249:, 12, 12, 0.00, 0
d9, ci_n_ads.js, 4f867ef5ed134270874a580ddb4167ff, 979336, 1314581, 3167794, 0.13, 0.05, 0.31, 1.00, -0.1895, 1800, 273, 1968, 11791, -0.01459, 1.00, 1.00, 1.00, 1.00, 1000, 1.00, 1.00, 1.00, 1.00, 1000, 0.25, 0.00, 0.15, 0.39, 0.2564, 4.22, 0.00, 2.21, 4.22, 0.4763, 23, 979336:1010438:, 1, 2, 0.00, 0
